Entity,Code,Year,"PM2.5 air pollution, mean annual exposure (micrograms per cubic meter)"
Afghanistan,AFG,1990,65.48679
Afghanistan,AFG,1995,65.17951
Afghanistan,AFG,2000,64.92246
Afghanistan,AFG,2005,64.52268
Afghanistan,AFG,2010,65.24559
Afghanistan,AFG,2011,66.835724
Afghanistan,AFG,2012,66.02317
Afghanistan,AFG,2013,61.366745
Afghanistan,AFG,2014,59.01033
Afghanistan,AFG,2015,61.252655
Afghanistan,AFG,2016,56.28705
Afghanistan,AFG,2017,56.91081
Albania,ALB,1990,22.718664
Albania,ALB,1995,22.029219
Albania,ALB,2000,21.99825
Albania,ALB,2005,21.575258
Albania,ALB,2010,21.277828
Albania,ALB,2011,22.772537
Albania,ALB,2012,20.578259
Albania,ALB,2013,19.938517
Albania,ALB,2014,18.883955
Albania,ALB,2015,19.512539
Albania,ALB,2016,18.189934
Albania,ALB,2017,18.200602
Algeria,DZA,1990,36.930256
Algeria,DZA,1995,36.456585
Algeria,DZA,2000,37.53605
Algeria,DZA,2005,35.858826
Algeria,DZA,2010,33.63582
Algeria,DZA,2011,33.83405
Algeria,DZA,2012,33.366825
Algeria,DZA,2013,34.245327
Algeria,DZA,2014,35.56392
Algeria,DZA,2015,36.089165
Algeria,DZA,2016,39.853275
Algeria,DZA,2017,38.88401
American Samoa,ASM,1990,12.479083
American Samoa,ASM,1995,12.479083
American Samoa,ASM,2000,15.214668
American Samoa,ASM,2005,15.237842
American Samoa,ASM,2010,15.0727215
American Samoa,ASM,2011,15.390642
American Samoa,ASM,2012,14.344151
American Samoa,ASM,2013,14.127226
American Samoa,ASM,2014,13.316992
American Samoa,ASM,2015,13.01939
American Samoa,ASM,2016,12.38273
American Samoa,ASM,2017,12.473821
Andorra,AND,1990,14.118742
Andorra,AND,1995,13.936867
Andorra,AND,2000,12.594015
Andorra,AND,2005,12.961378
Andorra,AND,2010,12.807198
Andorra,AND,2011,13.273505
Andorra,AND,2012,12.407053
Andorra,AND,2013,11.813673
Andorra,AND,2014,10.830419
Andorra,AND,2015,11.462178
Andorra,AND,2016,10.255835
Andorra,AND,2017,10.307621
Angola,AGO,1990,36.448116
Angola,AGO,1995,35.60291
Angola,AGO,2000,36.18297
Angola,AGO,2005,34.962914
Angola,AGO,2010,33.787247
Angola,AGO,2011,33.104195
Angola,AGO,2012,33.415497
Angola,AGO,2013,34.66392
Angola,AGO,2014,32.974026
Angola,AGO,2015,32.729874
Angola,AGO,2016,31.785389
Angola,AGO,2017,32.388504
Antigua and Barbuda,ATG,1990,22.408564
Antigua and Barbuda,ATG,1995,22.451595
Antigua and Barbuda,ATG,2000,21.976118
Antigua and Barbuda,ATG,2005,22.134329
Antigua and Barbuda,ATG,2010,22.528875
Antigua and Barbuda,ATG,2011,23.147861
Antigua and Barbuda,ATG,2012,21.47105
Antigua and Barbuda,ATG,2013,20.735386
Antigua and Barbuda,ATG,2014,19.725584
Antigua and Barbuda,ATG,2015,19.696388
Antigua and Barbuda,ATG,2016,18.46093
Antigua and Barbuda,ATG,2017,18.622343
Argentina,ARG,1990,16.22053
Argentina,ARG,1995,16.846066
Argentina,ARG,2000,16.780949
Argentina,ARG,2005,16.403086
Argentina,ARG,2010,16.8591
Argentina,ARG,2011,17.382982
Argentina,ARG,2012,16.135073
Argentina,ARG,2013,15.597375
Argentina,ARG,2014,14.46698
Argentina,ARG,2015,14.631626
Argentina,ARG,2016,13.751444
Argentina,ARG,2017,13.311834
Armenia,ARM,1990,36.86072
Armenia,ARM,1995,35.12094
Armenia,ARM,2000,36.796448
Armenia,ARM,2005,37.06873
Armenia,ARM,2010,37.53004
Armenia,ARM,2011,38.612274
Armenia,ARM,2012,37.184486
Armenia,ARM,2013,34.937214
Armenia,ARM,2014,33.08595
Armenia,ARM,2015,34.88143
Armenia,ARM,2016,32.22717
Armenia,ARM,2017,32.52812
Australia,AUS,1990,10.411855
Australia,AUS,1995,10.426396
Australia,AUS,2000,10.843723
Australia,AUS,2005,10.597134
Australia,AUS,2010,10.618879
Australia,AUS,2011,11.047265
Australia,AUS,2012,10.53709
Australia,AUS,2013,9.987684
Australia,AUS,2014,9.492979
Australia,AUS,2015,9.320015
Australia,AUS,2016,8.614509
Australia,AUS,2017,8.550324
Austria,AUT,1990,16.866688
Austria,AUT,1995,15.706126
Austria,AUT,2000,15.355363
Austria,AUT,2005,15.592063
Austria,AUT,2010,15.14914
Austria,AUT,2011,15.573371
Austria,AUT,2012,14.282332
Austria,AUT,2013,14.081614
Austria,AUT,2014,13.379228
Austria,AUT,2015,13.541095
Austria,AUT,2016,12.596816
Austria,AUT,2017,12.477966
Azerbaijan,AZE,1990,23.942915
Azerbaijan,AZE,1995,23.391428
Azerbaijan,AZE,2000,22.880772
Azerbaijan,AZE,2005,22.865705
Azerbaijan,AZE,2010,23.047602
Azerbaijan,AZE,2011,23.62987
Azerbaijan,AZE,2012,22.18081
Azerbaijan,AZE,2013,22.27878
Azerbaijan,AZE,2014,20.710068
Azerbaijan,AZE,2015,21.414124
Azerbaijan,AZE,2016,20.208157
Azerbaijan,AZE,2017,19.928663
Bahamas,BHS,1990,21.019924
Bahamas,BHS,1995,21.286627
Bahamas,BHS,2000,21.318201
Bahamas,BHS,2005,21.066357
Bahamas,BHS,2010,21.110514
Bahamas,BHS,2011,21.774426
Bahamas,BHS,2012,20.317076
Bahamas,BHS,2013,19.9094
Bahamas,BHS,2014,18.495333
Bahamas,BHS,2015,18.886307
Bahamas,BHS,2016,17.651321
Bahamas,BHS,2017,17.36772
Bahrain,BHR,1990,68.15876
Bahrain,BHR,1995,68.12335
Bahrain,BHR,2000,67.95779
Bahrain,BHR,2005,64.58727
Bahrain,BHR,2010,65.63088
Bahrain,BHR,2011,63.7325
Bahrain,BHR,2012,70.28748
Bahrain,BHR,2013,67.79468
Bahrain,BHR,2014,62.758545
Bahrain,BHR,2015,72.604675
Bahrain,BHR,2016,69.86418
Bahrain,BHR,2017,70.81621
Bangladesh,BGD,1990,61.59563
Bangladesh,BGD,1995,61.803143
Bangladesh,BGD,2000,63.036343
Bangladesh,BGD,2005,68.87354
Bangladesh,BGD,2010,70.765
Bangladesh,BGD,2011,70.21055
Bangladesh,BGD,2012,70.79391
Bangladesh,BGD,2013,65.64508
Bangladesh,BGD,2014,68.39538
Bangladesh,BGD,2015,66.96575
Bangladesh,BGD,2016,60.126274
Bangladesh,BGD,2017,60.845783
Barbados,BRB,1990,28.212523
Barbados,BRB,1995,28.245882
Barbados,BRB,2000,28.479456
Barbados,BRB,2005,28.482801
Barbados,BRB,2010,28.216814
Barbados,BRB,2011,29.30349
Barbados,BRB,2012,27.03353
Barbados,BRB,2013,26.23023
Barbados,BRB,2014,25.183014
Barbados,BRB,2015,24.686241
Barbados,BRB,2016,23.4592
Barbados,BRB,2017,23.080175
Belarus,BLR,1990,24.585848
Belarus,BLR,1995,22.656887
Belarus,BLR,2000,22.650267
Belarus,BLR,2005,22.8719
Belarus,BLR,2010,23.31941
Belarus,BLR,2011,22.911146
Belarus,BLR,2012,21.646372
Belarus,BLR,2013,20.59046
Belarus,BLR,2014,19.766054
Belarus,BLR,2015,20.076277
Belarus,BLR,2016,18.878239
Belarus,BLR,2017,18.76558
Belgium,BEL,1990,17.587496
Belgium,BEL,1995,16.496065
Belgium,BEL,2000,15.662451
Belgium,BEL,2005,15.436352
Belgium,BEL,2010,16.00932
Belgium,BEL,2011,15.698442
Belgium,BEL,2012,14.741894
Belgium,BEL,2013,14.02267
Belgium,BEL,2014,13.233622
Belgium,BEL,2015,13.566523
Belgium,BEL,2016,12.833088
Belgium,BEL,2017,12.8865185
Belize,BLZ,1990,27.429802
Belize,BLZ,1995,27.125193
Belize,BLZ,2000,27.84144
Belize,BLZ,2005,28.29258
Belize,BLZ,2010,28.273054
Belize,BLZ,2011,28.800446
Belize,BLZ,2012,27.409122
Belize,BLZ,2013,27.28444
Belize,BLZ,2014,24.421148
Belize,BLZ,2015,25.216825
Belize,BLZ,2016,23.065683
Belize,BLZ,2017,23.011892
Benin,BEN,1990,40.220135
Benin,BEN,1995,38.078472
Benin,BEN,2000,39.776295
Benin,BEN,2005,34.328808
Benin,BEN,2010,32.39297
Benin,BEN,2011,32.580845
Benin,BEN,2012,31.992
Benin,BEN,2013,31.443298
Benin,BEN,2014,29.660456
Benin,BEN,2015,40.470684
Benin,BEN,2016,38.447704
Benin,BEN,2017,38.999958
Bermuda,BMU,1990,11.74976
Bermuda,BMU,1995,11.691011
Bermuda,BMU,2000,14.805443
Bermuda,BMU,2005,14.775587
Bermuda,BMU,2010,14.647382
Bermuda,BMU,2011,14.843113
Bermuda,BMU,2012,13.979083
Bermuda,BMU,2013,13.478851
Bermuda,BMU,2014,12.806415
Bermuda,BMU,2015,12.417961
Bermuda,BMU,2016,11.659944
Bermuda,BMU,2017,11.646359
Bhutan,BTN,1990,40.20597
Bhutan,BTN,1995,40.075073
Bhutan,BTN,2000,39.74958
Bhutan,BTN,2005,43.019634
Bhutan,BTN,2010,43.961884
Bhutan,BTN,2011,43.071705
Bhutan,BTN,2012,42.932274
Bhutan,BTN,2013,41.88191
Bhutan,BTN,2014,40.839672
Bhutan,BTN,2015,39.818638
Bhutan,BTN,2016,37.224365
Bhutan,BTN,2017,37.926502
Bolivia,BOL,1990,23.952679
Bolivia,BOL,1995,24.672573
Bolivia,BOL,2000,26.254442
Bolivia,BOL,2005,29.395643
Bolivia,BOL,2010,29.57281
Bolivia,BOL,2011,27.904205
Bolivia,BOL,2012,26.390244
Bolivia,BOL,2013,26.09047
Bolivia,BOL,2014,24.818829
Bolivia,BOL,2015,22.4764
Bolivia,BOL,2016,21.386604
Bolivia,BOL,2017,21.568987
Bosnia and Herzegovina,BIH,1990,30.352558
Bosnia and Herzegovina,BIH,1995,29.339613
Bosnia and Herzegovina,BIH,2000,33.17226
Bosnia and Herzegovina,BIH,2005,33.77212
Bosnia and Herzegovina,BIH,2010,32.300156
Bosnia and Herzegovina,BIH,2011,34.191868
Bosnia and Herzegovina,BIH,2012,31.77326
Bosnia and Herzegovina,BIH,2013,30.44623
Bosnia and Herzegovina,BIH,2014,28.777325
Bosnia and Herzegovina,BIH,2015,29.622839
Bosnia and Herzegovina,BIH,2016,27.594467
Bosnia and Herzegovina,BIH,2017,27.74767
Botswana,BWA,1990,25.43543
Botswana,BWA,1995,24.98631
Botswana,BWA,2000,25.301825
Botswana,BWA,2005,25.073727
Botswana,BWA,2010,25.72472
Botswana,BWA,2011,24.592115
Botswana,BWA,2012,24.854038
Botswana,BWA,2013,24.87426
Botswana,BWA,2014,24.151278
Botswana,BWA,2015,24.330257
Botswana,BWA,2016,23.631268
Botswana,BWA,2017,23.094387
Brazil,BRA,1990,15.143862
Brazil,BRA,1995,15.412857
Brazil,BRA,2000,15.773481
Brazil,BRA,2005,15.595925
Brazil,BRA,2010,15.955285
Brazil,BRA,2011,15.912798
Brazil,BRA,2012,15.285456
Brazil,BRA,2013,14.6099
Brazil,BRA,2014,13.989935
Brazil,BRA,2015,13.594656
Brazil,BRA,2016,12.658676
Brazil,BRA,2017,12.70663
Brunei,BRN,1990,6.7322984
Brunei,BRN,1995,6.839568
Brunei,BRN,2000,6.8845134
Brunei,BRN,2005,7.244392
Brunei,BRN,2010,7.4170046
Brunei,BRN,2011,7.366187
Brunei,BRN,2012,7.5708227
Brunei,BRN,2013,6.70949
Brunei,BRN,2014,6.18083
Brunei,BRN,2015,6.48418
Brunei,BRN,2016,5.9276
Brunei,BRN,2017,5.9030657
Bulgaria,BGR,1990,27.559881
Bulgaria,BGR,1995,25.49281
Bulgaria,BGR,2000,24.08981
Bulgaria,BGR,2005,23.2673
Bulgaria,BGR,2010,22.756195
Bulgaria,BGR,2011,24.300327
Bulgaria,BGR,2012,22.644655
Bulgaria,BGR,2013,20.999638
Bulgaria,BGR,2014,20.74357
Bulgaria,BGR,2015,20.776428
Bulgaria,BGR,2016,19.283012
Bulgaria,BGR,2017,19.149132
Burkina Faso,BFA,1990,46.01466
Burkina Faso,BFA,1995,45.108932
Burkina Faso,BFA,2000,44.88311
Burkina Faso,BFA,2005,39.335114
Burkina Faso,BFA,2010,37.49133
Burkina Faso,BFA,2011,37.281376
Burkina Faso,BFA,2012,38.784153
Burkina Faso,BFA,2013,33.2872
Burkina Faso,BFA,2014,33.969093
Burkina Faso,BFA,2015,46.56217
Burkina Faso,BFA,2016,41.537243
Burkina Faso,BFA,2017,42.935593
Burundi,BDI,1990,41.24889
Burundi,BDI,1995,40.009537
Burundi,BDI,2000,40.95578
Burundi,BDI,2005,40.14781
Burundi,BDI,2010,38.38117
Burundi,BDI,2011,38.23619
Burundi,BDI,2012,41.01133
Burundi,BDI,2013,39.971073
Burundi,BDI,2014,39.387558
Burundi,BDI,2015,38.43088
Burundi,BDI,2016,38.653225
Burundi,BDI,2017,38.896267
Cambodia,KHM,1990,29.477596
Cambodia,KHM,1995,30.066841
Cambodia,KHM,2000,29.974033
Cambodia,KHM,2005,31.408936
Cambodia,KHM,2010,31.343136
Cambodia,KHM,2011,30.919624
Cambodia,KHM,2012,31.283733
Cambodia,KHM,2013,30.336529
Cambodia,KHM,2014,28.583366
Cambodia,KHM,2015,26.76924
Cambodia,KHM,2016,25.202875
Cambodia,KHM,2017,25.614292
Cameroon,CMR,1990,75.006676
Cameroon,CMR,1995,72.57501
Cameroon,CMR,2000,70.82948
Cameroon,CMR,2005,63.453083
Cameroon,CMR,2010,59.293404
Cameroon,CMR,2011,58.0769
Cameroon,CMR,2012,62.776695
Cameroon,CMR,2013,58.186337
Cameroon,CMR,2014,56.715305
Cameroon,CMR,2015,77.05174
Cameroon,CMR,2016,73.20529
Cameroon,CMR,2017,72.7931
Canada,CAN,1990,8.225863
Canada,CAN,1995,8.10393
Canada,CAN,2000,8.280984
Canada,CAN,2005,8.495469
Canada,CAN,2010,8.384458
Canada,CAN,2011,8.624461
Canada,CAN,2012,8.10741
Canada,CAN,2013,7.791636
Canada,CAN,2014,7.42842
Canada,CAN,2015,7.1515822
Canada,CAN,2016,6.5490746
Canada,CAN,2017,6.4283834
Cape Verde,CPV,1990,36.138725
Cape Verde,CPV,1995,36.364613
Cape Verde,CPV,2000,36.628124
Cape Verde,CPV,2005,30.26241
Cape Verde,CPV,2010,27.596441
Cape Verde,CPV,2011,31.641779
Cape Verde,CPV,2012,32.940994
Cape Verde,CPV,2013,32.085842
Cape Verde,CPV,2014,31.62108
Cape Verde,CPV,2015,38.633614
Cape Verde,CPV,2016,33.39233
Cape Verde,CPV,2017,34.7787
Central African Republic,CAF,1990,53.287155
Central African Republic,CAF,1995,53.404255
Central African Republic,CAF,2000,51.572144
Central African Republic,CAF,2005,52.896633
Central African Republic,CAF,2010,51.53332
Central African Republic,CAF,2011,51.22953
Central African Republic,CAF,2012,53.358833
Central African Republic,CAF,2013,50.874912
Central African Republic,CAF,2014,49.356365
Central African Republic,CAF,2015,58.3261
Central African Republic,CAF,2016,56.985424
Central African Republic,CAF,2017,56.8285
Chad,TCD,1990,65.720985
Chad,TCD,1995,68.9005
Chad,TCD,2000,65.9716
Chad,TCD,2005,58.200893
Chad,TCD,2010,56.586628
Chad,TCD,2011,55.19516
Chad,TCD,2012,58.67539
Chad,TCD,2013,53.056408
Chad,TCD,2014,51.24717
Chad,TCD,2015,68.682396
Chad,TCD,2016,64.77077
Chad,TCD,2017,66.029205
Chile,CHL,1990,24.676056
Chile,CHL,1995,24.943241
Chile,CHL,2000,26.168594
Chile,CHL,2005,25.527317
Chile,CHL,2010,25.892292
Chile,CHL,2011,27.245867
Chile,CHL,2012,25.047155
Chile,CHL,2013,23.936693
Chile,CHL,2014,22.868252
Chile,CHL,2015,22.569792
Chile,CHL,2016,20.876871
Chile,CHL,2017,21.036299
China,CHN,1990,57.765007
China,CHN,1995,58.66016
China,CHN,2000,60.704838
China,CHN,2005,66.17451
China,CHN,2010,69.47957
China,CHN,2011,70.54203
China,CHN,2012,63.82702
China,CHN,2013,65.51455
China,CHN,2014,59.76737
China,CHN,2015,59.063423
China,CHN,2016,52.211323
China,CHN,2017,52.664597
Colombia,COL,1990,20.383516
Colombia,COL,1995,20.013237
Colombia,COL,2000,20.05342
Colombia,COL,2005,21.284775
Colombia,COL,2010,21.497845
Colombia,COL,2011,21.367779
Colombia,COL,2012,20.536636
Colombia,COL,2013,19.223349
Colombia,COL,2014,18.344206
Colombia,COL,2015,17.300283
Colombia,COL,2016,16.5806
Colombia,COL,2017,16.52721
Comoros,COM,1990,21.753992
Comoros,COM,1995,21.077423
Comoros,COM,2000,21.544056
Comoros,COM,2005,21.243206
Comoros,COM,2010,20.666357
Comoros,COM,2011,21.02016
Comoros,COM,2012,21.252628
Comoros,COM,2013,21.047962
Comoros,COM,2014,21.502071
Comoros,COM,2015,20.715557
Comoros,COM,2016,20.482727
Comoros,COM,2017,20.546825
Congo,COG,1990,46.68716
Congo,COG,1995,42.662563
Congo,COG,2000,43.598785
Congo,COG,2005,42.689053
Congo,COG,2010,42.00909
Congo,COG,2011,44.155594
Congo,COG,2012,43.489986
Congo,COG,2013,46.126637
Congo,COG,2014,45.852818
Congo,COG,2015,44.147694
Congo,COG,2016,45.71104
Congo,COG,2017,46.63822
Costa Rica,CRI,1990,18.308764
Costa Rica,CRI,1995,18.56164
Costa Rica,CRI,2000,19.412102
Costa Rica,CRI,2005,19.657307
Costa Rica,CRI,2010,19.272953
Costa Rica,CRI,2011,19.702133
Costa Rica,CRI,2012,19.335127
Costa Rica,CRI,2013,18.341516
Costa Rica,CRI,2014,17.543634
Costa Rica,CRI,2015,16.87929
Costa Rica,CRI,2016,15.655812
Costa Rica,CRI,2017,15.725921
Cote d'Ivoire,CIV,1990,25.873201
Cote d'Ivoire,CIV,1995,24.851692
Cote d'Ivoire,CIV,2000,25.263493
Cote d'Ivoire,CIV,2005,21.828812
Cote d'Ivoire,CIV,2010,21.617704
Cote d'Ivoire,CIV,2011,22.593073
Cote d'Ivoire,CIV,2012,22.494404
Cote d'Ivoire,CIV,2013,21.305544
Cote d'Ivoire,CIV,2014,20.900177
Cote d'Ivoire,CIV,2015,27.687494
Cote d'Ivoire,CIV,2016,26.674704
Cote d'Ivoire,CIV,2017,25.886267
Croatia,HRV,1990,21.938692
Croatia,HRV,1995,20.925026
Croatia,HRV,2000,21.512384
Croatia,HRV,2005,22.122633
Croatia,HRV,2010,21.334719
Croatia,HRV,2011,21.966003
Croatia,HRV,2012,20.202423
Croatia,HRV,2013,19.586962
Croatia,HRV,2014,18.433104
Croatia,HRV,2015,19.206682
Croatia,HRV,2016,17.789318
Croatia,HRV,2017,17.901772
Cuba,CUB,1990,23.79235
Cuba,CUB,1995,24.259651
Cuba,CUB,2000,24.137367
Cuba,CUB,2005,24.00992
Cuba,CUB,2010,23.933298
Cuba,CUB,2011,24.78732
Cuba,CUB,2012,23.239788
Cuba,CUB,2013,22.850742
Cuba,CUB,2014,21.296234
Cuba,CUB,2015,20.8641
Cuba,CUB,2016,19.73784
Cuba,CUB,2017,19.706047
Cyprus,CYP,1990,20.906576
Cyprus,CYP,1995,20.517221
Cyprus,CYP,2000,20.184994
Cyprus,CYP,2005,19.718044
Cyprus,CYP,2010,20.081865
Cyprus,CYP,2011,20.090963
Cyprus,CYP,2012,19.224844
Cyprus,CYP,2013,18.684546
Cyprus,CYP,2014,18.293528
Cyprus,CYP,2015,19.101347
Cyprus,CYP,2016,16.958021
Cyprus,CYP,2017,17.294407
Czechia,CZE,1990,24.403618
Czechia,CZE,1995,22.121332
Czechia,CZE,2000,20.436707
Czechia,CZE,2005,19.946592
Czechia,CZE,2010,20.67687
Czechia,CZE,2011,20.081247
Czechia,CZE,2012,18.743176
Czechia,CZE,2013,17.996286
Czechia,CZE,2014,17.391216
Czechia,CZE,2015,17.416452
Czechia,CZE,2016,16.100584
Czechia,CZE,2017,16.071245
Democratic Republic of Congo,COD,1990,43.233135
Democratic Republic of Congo,COD,1995,43.483036
Democratic Republic of Congo,COD,2000,44.761745
Democratic Republic of Congo,COD,2005,42.043438
Democratic Republic of Congo,COD,2010,41.39804
Democratic Republic of Congo,COD,2011,41.493286
Democratic Republic of Congo,COD,2012,43.03677
Democratic Republic of Congo,COD,2013,44.49576
Democratic Republic of Congo,COD,2014,42.549446
Democratic Republic of Congo,COD,2015,44.931187
Democratic Republic of Congo,COD,2016,45.4995
Democratic Republic of Congo,COD,2017,44.909264
Denmark,DNK,1990,13.2549305
Denmark,DNK,1995,12.667547
Denmark,DNK,2000,12.41694
Denmark,DNK,2005,12.078428
Denmark,DNK,2010,11.929148
Denmark,DNK,2011,12.662332
Denmark,DNK,2012,11.115525
Denmark,DNK,2013,10.820279
Denmark,DNK,2014,11.066705
Denmark,DNK,2015,10.657286
Denmark,DNK,2016,10.095972
Denmark,DNK,2017,10.029654
Djibouti,DJI,1990,40.877167
Djibouti,DJI,1995,41.224014
Djibouti,DJI,2000,40.98011
Djibouti,DJI,2005,39.17294
Djibouti,DJI,2010,38.240868
Djibouti,DJI,2011,40.441837
Djibouti,DJI,2012,39.94282
Djibouti,DJI,2013,40.10377
Djibouti,DJI,2014,41.259727
Djibouti,DJI,2015,45.95081
Djibouti,DJI,2016,45.868874
Djibouti,DJI,2017,45.549618
Dominica,DMA,1990,23.341429
Dominica,DMA,1995,22.86565
Dominica,DMA,2000,22.955416
Dominica,DMA,2005,23.562836
Dominica,DMA,2010,23.740746
Dominica,DMA,2011,24.276123
Dominica,DMA,2012,22.2158
Dominica,DMA,2013,22.151068
Dominica,DMA,2014,21.010307
Dominica,DMA,2015,20.68879
Dominica,DMA,2016,19.988148
Dominica,DMA,2017,19.493155
Dominican Republic,DOM,1990,15.444074
Dominican Republic,DOM,1995,15.7391405
Dominican Republic,DOM,2000,16.45315
Dominican Republic,DOM,2005,16.585445
Dominican Republic,DOM,2010,16.874466
Dominican Republic,DOM,2011,17.29978
Dominican Republic,DOM,2012,16.15284
Dominican Republic,DOM,2013,15.396951
Dominican Republic,DOM,2014,14.188074
Dominican Republic,DOM,2015,14.858221
Dominican Republic,DOM,2016,13.6902275
Dominican Republic,DOM,2017,13.726321
East Asia and Pacific (WB),,1990,44.945133
East Asia and Pacific (WB),,1995,45.451504
East Asia and Pacific (WB),,2000,46.564434
East Asia and Pacific (WB),,2005,50.110405
East Asia and Pacific (WB),,2010,51.851692
East Asia and Pacific (WB),,2011,52.363308
East Asia and Pacific (WB),,2012,48.027943
East Asia and Pacific (WB),,2013,48.81565
East Asia and Pacific (WB),,2014,44.853054
East Asia and Pacific (WB),,2015,44.232037
East Asia and Pacific (WB),,2016,39.533314
East Asia and Pacific (WB),,2017,39.767155
East Timor,TLS,1990,23.05658
East Timor,TLS,1995,23.255993
East Timor,TLS,2000,23.501297
East Timor,TLS,2005,23.25316
East Timor,TLS,2010,23.492395
East Timor,TLS,2011,23.75672
East Timor,TLS,2012,22.466623
East Timor,TLS,2013,21.964622
East Timor,TLS,2014,20.4501
East Timor,TLS,2015,20.623186
East Timor,TLS,2016,20.017902
East Timor,TLS,2017,19.25721
Ecuador,ECU,1990,18.424433
Ecuador,ECU,1995,18.48501
Ecuador,ECU,2000,18.700266
Ecuador,ECU,2005,19.914669
Ecuador,ECU,2010,19.979189
Ecuador,ECU,2011,19.321995
Ecuador,ECU,2012,19.55771
Ecuador,ECU,2013,18.118608
Ecuador,ECU,2014,16.234188
Ecuador,ECU,2015,15.699708
Ecuador,ECU,2016,14.981578
Ecuador,ECU,2017,14.886101
Egypt,EGY,1990,75.475266
Egypt,EGY,1995,72.33836
Egypt,EGY,2000,73.26432
Egypt,EGY,2005,74.038445
Egypt,EGY,2010,77.44662
Egypt,EGY,2011,70.786354
Egypt,EGY,2012,72.790565
Egypt,EGY,2013,76.21365
Egypt,EGY,2014,76.5596
Egypt,EGY,2015,88.21339
Egypt,EGY,2016,88.1485
Egypt,EGY,2017,86.99945
El Salvador,SLV,1990,31.126213
El Salvador,SLV,1995,31.81959
El Salvador,SLV,2000,31.852596
El Salvador,SLV,2005,31.972866
El Salvador,SLV,2010,30.46194
El Salvador,SLV,2011,33.628265
El Salvador,SLV,2012,30.933975
El Salvador,SLV,2013,30.759882
El Salvador,SLV,2014,27.50259
El Salvador,SLV,2015,26.474731
El Salvador,SLV,2016,24.736486
El Salvador,SLV,2017,24.472292
Equatorial Guinea,GNQ,1990,51.3695
Equatorial Guinea,GNQ,1995,52.100807
Equatorial Guinea,GNQ,2000,51.73967
Equatorial Guinea,GNQ,2005,45.583954
Equatorial Guinea,GNQ,2010,46.186485
Equatorial Guinea,GNQ,2011,46.85259
Equatorial Guinea,GNQ,2012,45.232372
Equatorial Guinea,GNQ,2013,43.625793
Equatorial Guinea,GNQ,2014,44.3018
Equatorial Guinea,GNQ,2015,52.63437
Equatorial Guinea,GNQ,2016,54.50903
Equatorial Guinea,GNQ,2017,53.24062
Eritrea,ERI,1990,46.921333
Eritrea,ERI,1995,46.343636
Eritrea,ERI,2000,46.37293
Eritrea,ERI,2005,47.110264
Eritrea,ERI,2010,45.22714
Eritrea,ERI,2011,45.257446
Eritrea,ERI,2012,46.133846
Eritrea,ERI,2013,47.627815
Eritrea,ERI,2014,44.374947
Eritrea,ERI,2015,49.82891
Eritrea,ERI,2016,48.670937
Eritrea,ERI,2017,48.030197
Estonia,EST,1990,9.051928
Estonia,EST,1995,8.578046
Estonia,EST,2000,8.227386
Estonia,EST,2005,8.457243
Estonia,EST,2010,8.519849
Estonia,EST,2011,8.442559
Estonia,EST,2012,7.8106985
Estonia,EST,2013,7.4828134
Estonia,EST,2014,7.7055526
Estonia,EST,2015,7.0037274
Estonia,EST,2016,6.821448
Estonia,EST,2017,6.732124
Eswatini,SWZ,1990,18.832182
Eswatini,SWZ,1995,18.40687
Eswatini,SWZ,2000,18.66855
Eswatini,SWZ,2005,18.304884
Eswatini,SWZ,2010,18.128193
Eswatini,SWZ,2011,17.973312
Eswatini,SWZ,2012,18.182331
Eswatini,SWZ,2013,18.307808
Eswatini,SWZ,2014,17.978777
Eswatini,SWZ,2015,17.924809
Eswatini,SWZ,2016,17.148548
Eswatini,SWZ,2017,17.168787
Ethiopia,ETH,1990,35.80075
Ethiopia,ETH,1995,35.835804
Ethiopia,ETH,2000,35.533966
Ethiopia,ETH,2005,34.35101
Ethiopia,ETH,2010,35.634144
Ethiopia,ETH,2011,36.317944
Ethiopia,ETH,2012,35.973843
Ethiopia,ETH,2013,35.884205
Ethiopia,ETH,2014,35.0436
Ethiopia,ETH,2015,38.858604
Ethiopia,ETH,2016,39.245037
Ethiopia,ETH,2017,38.978737
Europe and Central Asia (WB),,1990,21.946503
Europe and Central Asia (WB),,1995,20.894047
Europe and Central Asia (WB),,2000,20.368734
Europe and Central Asia (WB),,2005,20.184814
Europe and Central Asia (WB),,2010,20.613077
Europe and Central Asia (WB),,2011,20.598455
Europe and Central Asia (WB),,2012,19.521627
Europe and Central Asia (WB),,2013,19.101501
Europe and Central Asia (WB),,2014,18.41916
Europe and Central Asia (WB),,2015,19.036695
Europe and Central Asia (WB),,2016,18.047089
Europe and Central Asia (WB),,2017,18.113129
European Union (27),,1990,18.567528
European Union (27),,1995,17.383936
European Union (27),,2000,16.64127
European Union (27),,2005,16.418869
European Union (27),,2010,16.50234
European Union (27),,2011,16.631357
European Union (27),,2012,15.310274
European Union (27),,2013,14.799473
European Union (27),,2014,14.250261
European Union (27),,2015,14.47134
European Union (27),,2016,13.431895
European Union (27),,2017,13.466154
Fiji,FJI,1990,13.0667925
Fiji,FJI,1995,12.95578
Fiji,FJI,2000,13.1384535
Fiji,FJI,2005,12.902495
Fiji,FJI,2010,13.533813
Fiji,FJI,2011,13.836461
Fiji,FJI,2012,12.852054
Fiji,FJI,2013,12.144618
Fiji,FJI,2014,11.922893
Fiji,FJI,2015,11.641945
Fiji,FJI,2016,11.059343
Fiji,FJI,2017,10.84016
Finland,FIN,1990,7.4127183
Finland,FIN,1995,7.2328515
Finland,FIN,2000,7.0938787
Finland,FIN,2005,7.1424546
Finland,FIN,2010,7.1903315
Finland,FIN,2011,7.2836995
Finland,FIN,2012,6.6011333
Finland,FIN,2013,6.2786894
Finland,FIN,2014,6.46864
Finland,FIN,2015,6.063834
Finland,FIN,2016,5.8937573
Finland,FIN,2017,5.861331
France,FRA,1990,15.849668
France,FRA,1995,15.273503
France,FRA,2000,14.723018
France,FRA,2005,14.704506
France,FRA,2010,14.845621
France,FRA,2011,14.878019
France,FRA,2012,13.834754
France,FRA,2013,13.594309
France,FRA,2014,12.289703
France,FRA,2015,12.7457075
France,FRA,2016,11.855185
France,FRA,2017,11.814963
Gabon,GAB,1990,42.915215
Gabon,GAB,1995,42.84732
Gabon,GAB,2000,42.589172
Gabon,GAB,2005,39.97835
Gabon,GAB,2010,40.27758
Gabon,GAB,2011,41.130283
Gabon,GAB,2012,40.81409
Gabon,GAB,2013,40.725662
Gabon,GAB,2014,41.31957
Gabon,GAB,2015,44.0959
Gabon,GAB,2016,43.720654
Gabon,GAB,2017,44.385548
Gambia,GMB,1990,35.293823
Gambia,GMB,1995,34.776382
Gambia,GMB,2000,34.60088
Gambia,GMB,2005,30.283669
Gambia,GMB,2010,30.201263
Gambia,GMB,2011,29.264923
Gambia,GMB,2012,30.729065
Gambia,GMB,2013,29.804672
Gambia,GMB,2014,30.621895
Gambia,GMB,2015,36.30538
Gambia,GMB,2016,32.615303
Gambia,GMB,2017,33.98264
Georgia,GEO,1990,26.526485
Georgia,GEO,1995,25.273071
Georgia,GEO,2000,25.273802
Georgia,GEO,2005,25.627283
Georgia,GEO,2010,26.101238
Georgia,GEO,2011,26.783604
Georgia,GEO,2012,25.00285
Georgia,GEO,2013,23.910204
Georgia,GEO,2014,22.966707
Georgia,GEO,2015,24.252645
Georgia,GEO,2016,21.829636
Georgia,GEO,2017,22.196054
Germany,DEU,1990,17.016523
Germany,DEU,1995,15.62537
Germany,DEU,2000,14.9039345
Germany,DEU,2005,14.535209
Germany,DEU,2010,15.189495
Germany,DEU,2011,14.664228
Germany,DEU,2012,13.577642
Germany,DEU,2013,13.191919
Germany,DEU,2014,12.751221
Germany,DEU,2015,12.8260975
Germany,DEU,2016,11.937811
Germany,DEU,2017,12.028768
Ghana,GHA,1990,35.59498
Ghana,GHA,1995,34.759655
Ghana,GHA,2000,35.037224
Ghana,GHA,2005,26.806673
Ghana,GHA,2010,27.368284
Ghana,GHA,2011,28.211699
Ghana,GHA,2012,28.897427
Ghana,GHA,2013,27.81534
Ghana,GHA,2014,25.889523
Ghana,GHA,2015,34.6819
Ghana,GHA,2016,36.252655
Ghana,GHA,2017,34.713512
Greece,GRC,1990,20.64297
Greece,GRC,1995,19.828274
Greece,GRC,2000,19.918608
Greece,GRC,2005,19.308104
Greece,GRC,2010,19.061089
Greece,GRC,2011,20.001541
Greece,GRC,2012,18.420769
Greece,GRC,2013,17.779417
Greece,GRC,2014,17.365042
Greece,GRC,2015,17.740557
Greece,GRC,2016,16.32892
Greece,GRC,2017,16.218266
Greenland,GRL,1990,15.076851
Greenland,GRL,1995,15.157519
Greenland,GRL,2000,13.957063
Greenland,GRL,2005,13.768933
Greenland,GRL,2010,13.922324
Greenland,GRL,2011,14.096605
Greenland,GRL,2012,13.406691
Greenland,GRL,2013,12.757968
Greenland,GRL,2014,12.510548
Greenland,GRL,2015,11.762039
Greenland,GRL,2016,11.572505
Greenland,GRL,2017,11.60218
Grenada,GRD,1990,27.733057
Grenada,GRD,1995,27.734306
Grenada,GRD,2000,27.4829
Grenada,GRD,2005,27.777155
Grenada,GRD,2010,27.472908
Grenada,GRD,2011,28.139515
Grenada,GRD,2012,26.468918
Grenada,GRD,2013,25.847307
Grenada,GRD,2014,24.287031
Grenada,GRD,2015,24.162783
Grenada,GRD,2016,22.88869
Grenada,GRD,2017,22.722687
Guam,GUM,1990,11.8160095
Guam,GUM,1995,11.812918
Guam,GUM,2000,14.314162
Guam,GUM,2005,13.808543
Guam,GUM,2010,13.888341
Guam,GUM,2011,14.103533
Guam,GUM,2012,13.242302
Guam,GUM,2013,12.7887945
Guam,GUM,2014,12.0225525
Guam,GUM,2015,12.531783
Guam,GUM,2016,11.651768
Guam,GUM,2017,11.634407
Guatemala,GTM,1990,29.513319
Guatemala,GTM,1995,30.168352
Guatemala,GTM,2000,31.061728
Guatemala,GTM,2005,31.464653
Guatemala,GTM,2010,29.98259
Guatemala,GTM,2011,31.727331
Guatemala,GTM,2012,29.88626
Guatemala,GTM,2013,30.056824
Guatemala,GTM,2014,26.527855
Guatemala,GTM,2015,25.072725
Guatemala,GTM,2016,23.797829
Guatemala,GTM,2017,24.070648
Guinea,GIN,1990,24.693373
Guinea,GIN,1995,24.181433
Guinea,GIN,2000,24.034874
Guinea,GIN,2005,22.445126
Guinea,GIN,2010,21.971027
Guinea,GIN,2011,22.44536
Guinea,GIN,2012,22.989965
Guinea,GIN,2013,21.258562
Guinea,GIN,2014,21.196672
Guinea,GIN,2015,26.942884
Guinea,GIN,2016,24.777714
Guinea,GIN,2017,26.06249
Guinea-Bissau,GNB,1990,30.589193
Guinea-Bissau,GNB,1995,30.470419
Guinea-Bissau,GNB,2000,30.456884
Guinea-Bissau,GNB,2005,26.84057
Guinea-Bissau,GNB,2010,26.836359
Guinea-Bissau,GNB,2011,27.38944
Guinea-Bissau,GNB,2012,27.090218
Guinea-Bissau,GNB,2013,26.524208
Guinea-Bissau,GNB,2014,26.94096
Guinea-Bissau,GNB,2015,31.791271
Guinea-Bissau,GNB,2016,29.585867
Guinea-Bissau,GNB,2017,29.774702
Guyana,GUY,1990,24.946262
Guyana,GUY,1995,24.434042
Guyana,GUY,2000,27.390953
Guyana,GUY,2005,27.777811
Guyana,GUY,2010,27.311865
Guyana,GUY,2011,27.929424
Guyana,GUY,2012,26.901299
Guyana,GUY,2013,24.855503
Guyana,GUY,2014,23.648266
Guyana,GUY,2015,23.887882
Guyana,GUY,2016,22.371498
Guyana,GUY,2017,22.375574
Haiti,HTI,1990,17.303722
Haiti,HTI,1995,18.26294
Haiti,HTI,2000,17.77979
Haiti,HTI,2005,17.461773
Haiti,HTI,2010,17.795242
Haiti,HTI,2011,18.757917
Haiti,HTI,2012,17.480246
Haiti,HTI,2013,16.767012
Haiti,HTI,2014,16.262224
Haiti,HTI,2015,15.5402775
Haiti,HTI,2016,15.086483
Haiti,HTI,2017,15.019824
High-income countries,,1990,16.68899
High-income countries,,1995,16.290108
High-income countries,,2000,16.29309
High-income countries,,2005,16.359926
High-income countries,,2010,16.771738
High-income countries,,2011,17.051615
High-income countries,,2012,16.155127
High-income countries,,2013,15.929073
High-income countries,,2014,15.029606
High-income countries,,2015,15.861923
High-income countries,,2016,14.563846
High-income countries,,2017,14.734916
Honduras,HND,1990,27.112572
Honduras,HND,1995,27.808025
Honduras,HND,2000,27.571625
Honduras,HND,2005,28.079552
Honduras,HND,2010,26.882952
Honduras,HND,2011,28.900747
Honduras,HND,2012,27.44715
Honduras,HND,2013,27.684135
Honduras,HND,2014,23.161541
Honduras,HND,2015,22.406197
Honduras,HND,2016,21.08696
Honduras,HND,2017,20.62885
Hungary,HUN,1990,21.83986
Hungary,HUN,1995,20.017447
Hungary,HUN,2000,18.98185
Hungary,HUN,2005,19.46655
Hungary,HUN,2010,19.135525
Hungary,HUN,2011,19.36069
Hungary,HUN,2012,17.52996
Hungary,HUN,2013,17.23183
Hungary,HUN,2014,16.315329
Hungary,HUN,2015,17.23213
Hungary,HUN,2016,15.88535
Hungary,HUN,2017,15.926048
Iceland,ISL,1990,8.430091
Iceland,ISL,1995,8.171578
Iceland,ISL,2000,7.9545584
Iceland,ISL,2005,7.8429465
Iceland,ISL,2010,7.856537
Iceland,ISL,2011,8.098885
Iceland,ISL,2012,7.3369293
Iceland,ISL,2013,7.171207
Iceland,ISL,2014,6.9488964
Iceland,ISL,2015,6.927969
Iceland,ISL,2016,6.607654
Iceland,ISL,2017,6.4811473
India,IND,1990,81.290634
India,IND,1995,82.7713
India,IND,2000,84.1648
India,IND,2005,90.32646
India,IND,2010,95.75818
India,IND,2011,97.59938
India,IND,2012,88.16944
India,IND,2013,91.804794
India,IND,2014,89.62238
India,IND,2015,89.30334
India,IND,2016,89.67218
India,IND,2017,90.87321
Indonesia,IDN,1990,18.05281
Indonesia,IDN,1995,18.164766
Indonesia,IDN,2000,17.87739
Indonesia,IDN,2005,18.926638
Indonesia,IDN,2010,18.169281
Indonesia,IDN,2011,18.049652
Indonesia,IDN,2012,18.17017
Indonesia,IDN,2013,16.87918
Indonesia,IDN,2014,16.454632
Indonesia,IDN,2015,16.64028
Indonesia,IDN,2016,16.384153
Indonesia,IDN,2017,16.502653
Iran,IRN,1990,38.07174
Iran,IRN,1995,37.727764
Iran,IRN,2000,38.417778
Iran,IRN,2005,37.627766
Iran,IRN,2010,38.6515
Iran,IRN,2011,38.04969
Iran,IRN,2012,38.542053
Iran,IRN,2013,38.101093
Iran,IRN,2014,38.109493
Iran,IRN,2015,39.61053
Iran,IRN,2016,38.8413
Iran,IRN,2017,38.97876
Iraq,IRQ,1990,63.71657
Iraq,IRQ,1995,63.26492
Iraq,IRQ,2000,62.45796
Iraq,IRQ,2005,62.851788
Iraq,IRQ,2010,68.7114
Iraq,IRQ,2011,66.36261
Iraq,IRQ,2012,66.84208
Iraq,IRQ,2013,63.802696
Iraq,IRQ,2014,56.56703
Iraq,IRQ,2015,66.26504
Iraq,IRQ,2016,63.954796
Iraq,IRQ,2017,61.636234
Ireland,IRL,1990,10.405027
Ireland,IRL,1995,10.1492605
Ireland,IRL,2000,10.137776
Ireland,IRL,2005,9.922229
Ireland,IRL,2010,9.976375
Ireland,IRL,2011,10.285079
Ireland,IRL,2012,9.522692
Ireland,IRL,2013,9.360153
Ireland,IRL,2014,8.750522
Ireland,IRL,2015,8.672474
Ireland,IRL,2016,8.279163
Ireland,IRL,2017,8.208577
Israel,ISR,1990,24.810528
Israel,ISR,1995,24.317307
Israel,ISR,2000,24.503624
Israel,ISR,2005,22.982794
Israel,ISR,2010,24.019238
Israel,ISR,2011,23.904686
Israel,ISR,2012,23.038849
Israel,ISR,2013,22.946331
Israel,ISR,2014,22.059147
Israel,ISR,2015,22.779783
Israel,ISR,2016,20.765701
Israel,ISR,2017,21.381102
Italy,ITA,1990,21.319729
Italy,ITA,1995,20.27007
Italy,ITA,2000,19.777334
Italy,ITA,2005,19.600878
Italy,ITA,2010,19.02523
Italy,ITA,2011,19.994267
Italy,ITA,2012,18.105247
Italy,ITA,2013,17.757723
Italy,ITA,2014,17.76927
Italy,ITA,2015,17.891445
Italy,ITA,2016,16.490374
Italy,ITA,2017,16.750711
Jamaica,JAM,1990,15.953864
Jamaica,JAM,1995,15.919053
Jamaica,JAM,2000,15.893816
Jamaica,JAM,2005,16.009632
Jamaica,JAM,2010,16.091715
Jamaica,JAM,2011,16.5425
Jamaica,JAM,2012,15.460471
Jamaica,JAM,2013,14.931399
Jamaica,JAM,2014,14.074331
Jamaica,JAM,2015,14.17666
Jamaica,JAM,2016,13.395964
Jamaica,JAM,2017,13.404151
Japan,JPN,1990,14.41636
Japan,JPN,1995,14.312524
Japan,JPN,2000,14.209626
Japan,JPN,2005,14.348666
Japan,JPN,2010,14.142338
Japan,JPN,2011,14.141031
Japan,JPN,2012,13.128872
Japan,JPN,2013,13.362558
Japan,JPN,2014,12.5866165
Japan,JPN,2015,12.68746
Japan,JPN,2016,11.623922
Japan,JPN,2017,11.704778
Jordan,JOR,1990,35.343117
Jordan,JOR,1995,34.60586
Jordan,JOR,2000,33.511444
Jordan,JOR,2005,32.482838
Jordan,JOR,2010,33.550568
Jordan,JOR,2011,33.01726
Jordan,JOR,2012,33.016933
Jordan,JOR,2013,33.41761
Jordan,JOR,2014,33.20542
Jordan,JOR,2015,34.30545
Jordan,JOR,2016,33.176617
Jordan,JOR,2017,33.00608
Kazakhstan,KAZ,1990,16.870253
Kazakhstan,KAZ,1995,15.732688
Kazakhstan,KAZ,2000,15.944765
Kazakhstan,KAZ,2005,15.618641
Kazakhstan,KAZ,2010,15.914494
Kazakhstan,KAZ,2011,15.243835
Kazakhstan,KAZ,2012,14.481038
Kazakhstan,KAZ,2013,14.598564
Kazakhstan,KAZ,2014,13.749754
Kazakhstan,KAZ,2015,14.384802
Kazakhstan,KAZ,2016,13.084438
Kazakhstan,KAZ,2017,13.824288
Kenya,KEN,1990,28.547552
Kenya,KEN,1995,28.520779
Kenya,KEN,2000,28.385498
Kenya,KEN,2005,27.477299
Kenya,KEN,2010,28.15477
Kenya,KEN,2011,28.662884
Kenya,KEN,2012,29.37228
Kenya,KEN,2013,28.935345
Kenya,KEN,2014,28.94935
Kenya,KEN,2015,28.53628
Kenya,KEN,2016,28.583378
Kenya,KEN,2017,28.578375
Kiribati,KIR,1990,13.115091
Kiribati,KIR,1995,13.4280205
Kiribati,KIR,2000,13.521965
Kiribati,KIR,2005,13.345589
Kiribati,KIR,2010,13.175041
Kiribati,KIR,2011,13.358154
Kiribati,KIR,2012,12.594232
Kiribati,KIR,2013,12.325297
Kiribati,KIR,2014,11.393743
Kiribati,KIR,2015,11.514318
Kiribati,KIR,2016,10.537839
Kiribati,KIR,2017,10.640856
Kuwait,KWT,1990,60.555847
Kuwait,KWT,1995,60.057297
Kuwait,KWT,2000,61.481995
Kuwait,KWT,2005,59.67399
Kuwait,KWT,2010,62.74398
Kuwait,KWT,2011,62.825405
Kuwait,KWT,2012,64.07091
Kuwait,KWT,2013,62.61131
Kuwait,KWT,2014,55.623905
Kuwait,KWT,2015,65.406075
Kuwait,KWT,2016,60.843853
Kuwait,KWT,2017,60.74516
Kyrgyzstan,KGZ,1990,26.156599
Kyrgyzstan,KGZ,1995,25.435759
Kyrgyzstan,KGZ,2000,27.08022
Kyrgyzstan,KGZ,2005,26.777441
Kyrgyzstan,KGZ,2010,27.265387
Kyrgyzstan,KGZ,2011,27.517603
Kyrgyzstan,KGZ,2012,25.489832
Kyrgyzstan,KGZ,2013,25.440355
Kyrgyzstan,KGZ,2014,23.298191
Kyrgyzstan,KGZ,2015,24.344736
Kyrgyzstan,KGZ,2016,23.195557
Kyrgyzstan,KGZ,2017,22.737768
Laos,LAO,1990,26.536299
Laos,LAO,1995,27.09516
Laos,LAO,2000,27.545067
Laos,LAO,2005,30.17021
Laos,LAO,2010,31.731997
Laos,LAO,2011,29.66966
Laos,LAO,2012,30.297419
Laos,LAO,2013,30.25949
Laos,LAO,2014,28.390171
Laos,LAO,2015,26.139488
Laos,LAO,2016,25.801018
Laos,LAO,2017,25.109539
Latin America and Caribbean (WB),,1990,19.583591
Latin America and Caribbean (WB),,1995,19.968689
Latin America and Caribbean (WB),,2000,20.795135
Latin America and Caribbean (WB),,2005,21.071125
Latin America and Caribbean (WB),,2010,21.04726
Latin America and Caribbean (WB),,2011,21.50047
Latin America and Caribbean (WB),,2012,20.4345
Latin America and Caribbean (WB),,2013,19.764597
Latin America and Caribbean (WB),,2014,18.386839
Latin America and Caribbean (WB),,2015,17.747408
Latin America and Caribbean (WB),,2016,16.693693
Latin America and Caribbean (WB),,2017,16.700848
Latvia,LVA,1990,19.023418
Latvia,LVA,1995,17.31863
Latvia,LVA,2000,16.719967
Latvia,LVA,2005,16.855894
Latvia,LVA,2010,17.115065
Latvia,LVA,2011,16.572676
Latvia,LVA,2012,15.598559
Latvia,LVA,2013,14.884308
Latvia,LVA,2014,14.879086
Latvia,LVA,2015,13.968202
Latvia,LVA,2016,13.447472
Latvia,LVA,2017,13.426457
Lebanon,LBN,1990,30.342203
Lebanon,LBN,1995,29.845093
Lebanon,LBN,2000,30.614206
Lebanon,LBN,2005,30.024769
Lebanon,LBN,2010,30.892124
Lebanon,LBN,2011,30.069107
Lebanon,LBN,2012,30.108051
Lebanon,LBN,2013,30.588099
Lebanon,LBN,2014,30.444567
Lebanon,LBN,2015,31.229296
Lebanon,LBN,2016,30.17187
Lebanon,LBN,2017,30.62111
Lesotho,LSO,1990,30.703743
Lesotho,LSO,1995,31.661034
Lesotho,LSO,2000,31.490147
Lesotho,LSO,2005,30.098923
Lesotho,LSO,2010,32.240597
Lesotho,LSO,2011,31.354742
Lesotho,LSO,2012,31.213243
Lesotho,LSO,2013,32.148697
Lesotho,LSO,2014,33.0801
Lesotho,LSO,2015,30.884977
Lesotho,LSO,2016,28.336834
Lesotho,LSO,2017,28.028654
Liberia,LBR,1990,17.123428
Liberia,LBR,1995,17.176195
Liberia,LBR,2000,17.253143
Liberia,LBR,2005,16.024406
Liberia,LBR,2010,15.249197
Liberia,LBR,2011,16.14705
Liberia,LBR,2012,16.288208
Liberia,LBR,2013,15.382857
Liberia,LBR,2014,14.94227
Liberia,LBR,2015,18.212805
Liberia,LBR,2016,17.886778
Liberia,LBR,2017,17.984112
Libya,LBY,1990,45.063488
Libya,LBY,1995,46.71104
Libya,LBY,2000,46.255173
Libya,LBY,2005,47.12619
Libya,LBY,2010,50.14723
Libya,LBY,2011,44.631733
Libya,LBY,2012,44.91136
Libya,LBY,2013,49.279484
Libya,LBY,2014,47.501232
Libya,LBY,2015,51.53264
Libya,LBY,2016,52.129208
Libya,LBY,2017,54.25468
Lithuania,LTU,1990,16.398102
Lithuania,LTU,1995,15.000761
Lithuania,LTU,2000,14.428132
Lithuania,LTU,2005,14.46207
Lithuania,LTU,2010,14.971065
Lithuania,LTU,2011,14.509683
Lithuania,LTU,2012,13.784525
Lithuania,LTU,2013,12.981192
Lithuania,LTU,2014,12.845194
Lithuania,LTU,2015,12.455035
Lithuania,LTU,2016,11.821615
Lithuania,LTU,2017,11.853282
Low-income countries,,1990,41.90072
Low-income countries,,1995,42.112133
Low-income countries,,2000,41.73541
Low-income countries,,2005,40.104717
Low-income countries,,2010,39.841274
Low-income countries,,2011,40.74155
Low-income countries,,2012,41.088768
Low-income countries,,2013,40.079052
Low-income countries,,2014,39.055283
Low-income countries,,2015,43.804096
Low-income countries,,2016,42.551365
Low-income countries,,2017,42.834595
Lower-middle-income countries,,1990,59.116135
Lower-middle-income countries,,1995,59.63103
Lower-middle-income countries,,2000,60.363163
Lower-middle-income countries,,2005,63.26773
Lower-middle-income countries,,2010,65.67508
Lower-middle-income countries,,2011,66.10602
Lower-middle-income countries,,2012,61.895878
Lower-middle-income countries,,2013,62.538788
Lower-middle-income countries,,2014,61.273186
Lower-middle-income countries,,2015,63.261566
Lower-middle-income countries,,2016,62.386246
Lower-middle-income countries,,2017,62.848595
Luxembourg,LUX,1990,13.694462
Luxembourg,LUX,1995,12.947626
Luxembourg,LUX,2000,12.569567
Luxembourg,LUX,2005,12.3555355
Luxembourg,LUX,2010,12.958784
Luxembourg,LUX,2011,12.685996
Luxembourg,LUX,2012,11.775576
Luxembourg,LUX,2013,11.605384
Luxembourg,LUX,2014,10.857614
Luxembourg,LUX,2015,11.006655
Luxembourg,LUX,2016,10.311981
Luxembourg,LUX,2017,10.364637
Madagascar,MDG,1990,22.27356
Madagascar,MDG,1995,22.294949
Madagascar,MDG,2000,21.8724
Madagascar,MDG,2005,23.294064
Madagascar,MDG,2010,22.66201
Madagascar,MDG,2011,23.36286
Madagascar,MDG,2012,22.716425
Madagascar,MDG,2013,23.909163
Madagascar,MDG,2014,23.517767
Madagascar,MDG,2015,22.950401
Madagascar,MDG,2016,22.895708
Madagascar,MDG,2017,22.542282
Malawi,MWI,1990,26.469028
Malawi,MWI,1995,26.389505
Malawi,MWI,2000,26.142086
Malawi,MWI,2005,25.627405
Malawi,MWI,2010,25.696198
Malawi,MWI,2011,25.165009
Malawi,MWI,2012,25.738401
Malawi,MWI,2013,24.68348
Malawi,MWI,2014,25.198229
Malawi,MWI,2015,24.53743
Malawi,MWI,2016,23.092615
Malawi,MWI,2017,23.565922
Malaysia,MYS,1990,17.294449
Malaysia,MYS,1995,17.682531
Malaysia,MYS,2000,18.07617
Malaysia,MYS,2005,19.377811
Malaysia,MYS,2010,18.593754
Malaysia,MYS,2011,19.202608
Malaysia,MYS,2012,19.182222
Malaysia,MYS,2013,17.554447
Malaysia,MYS,2014,16.923155
Malaysia,MYS,2015,17.44091
Malaysia,MYS,2016,15.7512865
Malaysia,MYS,2017,16.035809
Maldives,MDV,1990,11.4329195
Maldives,MDV,1995,11.509396
Maldives,MDV,2000,11.089533
Maldives,MDV,2005,11.435359
Maldives,MDV,2010,11.30983
Maldives,MDV,2011,11.789635
Maldives,MDV,2012,11.157482
Maldives,MDV,2013,10.569679
Maldives,MDV,2014,9.921231
Maldives,MDV,2015,9.373944
Maldives,MDV,2016,7.972429
Maldives,MDV,2017,7.7958207
Mali,MLI,1990,41.528767
Mali,MLI,1995,40.57248
Mali,MLI,2000,39.800056
Mali,MLI,2005,37.84408
Mali,MLI,2010,36.39766
Mali,MLI,2011,35.141644
Mali,MLI,2012,34.700226
Mali,MLI,2013,32.306824
Mali,MLI,2014,33.916115
Mali,MLI,2015,41.92693
Mali,MLI,2016,38.480396
Mali,MLI,2017,38.526608
Malta,MLT,1990,16.85487
Malta,MLT,1995,16.661745
Malta,MLT,2000,16.534946
Malta,MLT,2005,16.104479
Malta,MLT,2010,16.4494
Malta,MLT,2011,16.644304
Malta,MLT,2012,15.397161
Malta,MLT,2013,15.281944
Malta,MLT,2014,14.435404
Malta,MLT,2015,14.722463
Malta,MLT,2016,13.811395
Malta,MLT,2017,13.909543
Marshall Islands,MHL,1990,13.063595
Marshall Islands,MHL,1995,13.3384
Marshall Islands,MHL,2000,13.043412
Marshall Islands,MHL,2005,12.92692
Marshall Islands,MHL,2010,12.946709
Marshall Islands,MHL,2011,12.932171
Marshall Islands,MHL,2012,12.123533
Marshall Islands,MHL,2013,11.874389
Marshall Islands,MHL,2014,11.07022
Marshall Islands,MHL,2015,10.837668
Marshall Islands,MHL,2016,10.152002
Marshall Islands,MHL,2017,10.241332
Mauritania,MRT,1990,50.06832
Mauritania,MRT,1995,48.414963
Mauritania,MRT,2000,48.860252
Mauritania,MRT,2005,41.8726
Mauritania,MRT,2010,39.637413
Mauritania,MRT,2011,40.043144
Mauritania,MRT,2012,42.343513
Mauritania,MRT,2013,40.21579
Mauritania,MRT,2014,43.110783
Mauritania,MRT,2015,49.498257
Mauritania,MRT,2016,46.667587
Mauritania,MRT,2017,47.422993
Mauritius,MUS,1990,15.77293
Mauritius,MUS,1995,15.756579
Mauritius,MUS,2000,15.398038
Mauritius,MUS,2005,15.53725
Mauritius,MUS,2010,15.194773
Mauritius,MUS,2011,15.201702
Mauritius,MUS,2012,15.245856
Mauritius,MUS,2013,15.556176
Mauritius,MUS,2014,15.292648
Mauritius,MUS,2015,14.441956
Mauritius,MUS,2016,14.346379
Mauritius,MUS,2017,14.457828
Mexico,MEX,1990,23.516558
Mexico,MEX,1995,24.13661
Mexico,MEX,2000,26.779182
Mexico,MEX,2005,26.8629
Mexico,MEX,2010,26.365438
Mexico,MEX,2011,27.741297
Mexico,MEX,2012,25.981659
Mexico,MEX,2013,25.44909
Mexico,MEX,2014,23.09969
Mexico,MEX,2015,22.132996
Mexico,MEX,2016,20.70683
Mexico,MEX,2017,20.921116
Micronesia (country),FSM,1990,14.0109825
Micronesia (country),FSM,1995,14.070063
Micronesia (country),FSM,2000,14.124484
Micronesia (country),FSM,2005,14.006301
Micronesia (country),FSM,2010,13.749246
Micronesia (country),FSM,2011,13.731652
Micronesia (country),FSM,2012,12.974439
Micronesia (country),FSM,2013,12.742516
Micronesia (country),FSM,2014,11.866869
Micronesia (country),FSM,2015,11.725985
Micronesia (country),FSM,2016,11.134511
Micronesia (country),FSM,2017,11.2834
Middle East and North Africa (WB),,1990,50.2756
Middle East and North Africa (WB),,1995,49.7071
Middle East and North Africa (WB),,2000,50.713326
Middle East and North Africa (WB),,2005,50.147755
Middle East and North Africa (WB),,2010,52.206493
Middle East and North Africa (WB),,2011,50.632793
Middle East and North Africa (WB),,2012,51.45073
Middle East and North Africa (WB),,2013,52.314537
Middle East and North Africa (WB),,2014,50.822605
Middle East and North Africa (WB),,2015,57.343937
Middle East and North Africa (WB),,2016,56.09274
Middle East and North Africa (WB),,2017,55.95372
Middle-income countries,,1990,51.710308
Middle-income countries,,1995,52.34374
Middle-income countries,,2000,53.517822
Middle-income countries,,2005,56.704296
Middle-income countries,,2010,59.069122
Middle-income countries,,2011,59.567303
Middle-income countries,,2012,55.410446
Middle-income countries,,2013,56.10199
Middle-income countries,,2014,53.723946
Middle-income countries,,2015,54.738625
Middle-income countries,,2016,52.37619
Middle-income countries,,2017,52.7711
Moldova,MDA,1990,22.845053
Moldova,MDA,1995,20.890162
Moldova,MDA,2000,19.5811
Moldova,MDA,2005,19.144522
Moldova,MDA,2010,19.116104
Moldova,MDA,2011,19.924868
Moldova,MDA,2012,18.409285
Moldova,MDA,2013,17.4324
Moldova,MDA,2014,16.726461
Moldova,MDA,2015,17.07914
Moldova,MDA,2016,16.363798
Moldova,MDA,2017,16.251032
Mongolia,MNG,1990,37.91554
Mongolia,MNG,1995,36.837177
Mongolia,MNG,2000,39.032528
Mongolia,MNG,2005,39.726406
Mongolia,MNG,2010,43.304653
Mongolia,MNG,2011,45.36017
Mongolia,MNG,2012,42.654373
Mongolia,MNG,2013,42.321312
Mongolia,MNG,2014,39.29514
Mongolia,MNG,2015,42.51465
Mongolia,MNG,2016,38.222816
Mongolia,MNG,2017,40.11285
Montenegro,MNE,1990,28.599089
Montenegro,MNE,1995,27.800476
Montenegro,MNE,2000,26.001245
Montenegro,MNE,2005,25.562792
Montenegro,MNE,2010,25.055407
Montenegro,MNE,2011,26.629225
Montenegro,MNE,2012,24.680304
Montenegro,MNE,2013,23.274225
Montenegro,MNE,2014,21.947052
Montenegro,MNE,2015,22.55969
Montenegro,MNE,2016,20.924051
Montenegro,MNE,2017,20.781813
Morocco,MAR,1990,30.255491
Morocco,MAR,1995,30.420965
Morocco,MAR,2000,30.96745
Morocco,MAR,2005,30.967813
Morocco,MAR,2010,29.64896
Morocco,MAR,2011,29.266563
Morocco,MAR,2012,27.790283
Morocco,MAR,2013,29.25952
Morocco,MAR,2014,29.94945
Morocco,MAR,2015,31.440086
Morocco,MAR,2016,32.935375
Morocco,MAR,2017,32.59354
Mozambique,MOZ,1990,23.382858
Mozambique,MOZ,1995,22.796581
Mozambique,MOZ,2000,22.686272
Mozambique,MOZ,2005,22.66323
Mozambique,MOZ,2010,23.561468
Mozambique,MOZ,2011,22.609072
Mozambique,MOZ,2012,22.867601
Mozambique,MOZ,2013,22.63616
Mozambique,MOZ,2014,22.614164
Mozambique,MOZ,2015,21.905882
Mozambique,MOZ,2016,21.471825
Mozambique,MOZ,2017,21.298695
Myanmar,MMR,1990,39.809475
Myanmar,MMR,1995,40.765255
Myanmar,MMR,2000,39.361652
Myanmar,MMR,2005,43.321453
Myanmar,MMR,2010,44.056114
Myanmar,MMR,2011,43.619904
Myanmar,MMR,2012,42.52281
Myanmar,MMR,2013,42.88287
Myanmar,MMR,2014,40.288967
Myanmar,MMR,2015,38.513783
Myanmar,MMR,2016,36.033703
Myanmar,MMR,2017,35.557453
Namibia,NAM,1990,28.74979
Namibia,NAM,1995,27.497597
Namibia,NAM,2000,27.433819
Namibia,NAM,2005,27.61976
Namibia,NAM,2010,27.659897
Namibia,NAM,2011,27.010155
Namibia,NAM,2012,26.798708
Namibia,NAM,2013,27.092815
Namibia,NAM,2014,26.018122
Namibia,NAM,2015,26.910017
Namibia,NAM,2016,25.552141
Namibia,NAM,2017,25.358765
Nepal,NPL,1990,87.59846
Nepal,NPL,1995,90.687164
Nepal,NPL,2000,88.94302
Nepal,NPL,2005,93.21825
Nepal,NPL,2010,100.78443
Nepal,NPL,2011,100.76606
Nepal,NPL,2012,96.963295
Nepal,NPL,2013,95.31399
Nepal,NPL,2014,98.11602
Nepal,NPL,2015,96.25277
Nepal,NPL,2016,98.05471
Nepal,NPL,2017,99.734375
Netherlands,NLD,1990,16.469402
Netherlands,NLD,1995,15.561695
Netherlands,NLD,2000,14.92868
Netherlands,NLD,2005,14.578018
Netherlands,NLD,2010,15.23243
Netherlands,NLD,2011,14.988138
Netherlands,NLD,2012,13.812414
Netherlands,NLD,2013,13.043145
Netherlands,NLD,2014,12.828797
Netherlands,NLD,2015,12.932105
Netherlands,NLD,2016,12.025243
Netherlands,NLD,2017,12.034408
New Zealand,NZL,1990,7.1438313
New Zealand,NZL,1995,7.204397
New Zealand,NZL,2000,7.1622887
New Zealand,NZL,2005,7.0370874
New Zealand,NZL,2010,7.152866
New Zealand,NZL,2011,7.4206963
New Zealand,NZL,2012,6.8358355
New Zealand,NZL,2013,6.7818856
New Zealand,NZL,2014,6.3579035
New Zealand,NZL,2015,6.330434
New Zealand,NZL,2016,5.9873633
New Zealand,NZL,2017,5.9560013
Nicaragua,NIC,1990,22.60016
Nicaragua,NIC,1995,22.347902
Nicaragua,NIC,2000,23.053408
Nicaragua,NIC,2005,23.029436
Nicaragua,NIC,2010,22.49227
Nicaragua,NIC,2011,22.47952
Nicaragua,NIC,2012,22.35271
Nicaragua,NIC,2013,21.929075
Nicaragua,NIC,2014,19.387722
Nicaragua,NIC,2015,18.569132
Nicaragua,NIC,2016,17.72773
Nicaragua,NIC,2017,17.61418
Niger,NER,1990,90.59637
Niger,NER,1995,88.6316
Niger,NER,2000,87.50676
Niger,NER,2005,73.43849
Niger,NER,2010,69.15018
Niger,NER,2011,72.982765
Niger,NER,2012,72.54465
Niger,NER,2013,63.031715
Niger,NER,2014,60.54136
Niger,NER,2015,87.28128
Niger,NER,2016,87.70847
Niger,NER,2017,94.05382
Nigeria,NGA,1990,72.12557
Nigeria,NGA,1995,68.71004
Nigeria,NGA,2000,67.55433
Nigeria,NGA,2005,59.65814
Nigeria,NGA,2010,52.609062
Nigeria,NGA,2011,50.97309
Nigeria,NGA,2012,56.12964
Nigeria,NGA,2013,49.74069
Nigeria,NGA,2014,48.633373
Nigeria,NGA,2015,75.398994
Nigeria,NGA,2016,71.3696
Nigeria,NGA,2017,71.79817
North America (WB),,1990,9.55477
North America (WB),,1995,9.42187
North America (WB),,2000,9.404173
North America (WB),,2005,9.501231
North America (WB),,2010,9.263171
North America (WB),,2011,9.630812
North America (WB),,2012,8.914902
North America (WB),,2013,8.641442
North America (WB),,2014,8.142225
North America (WB),,2015,7.9733496
North America (WB),,2016,7.3210483
North America (WB),,2017,7.3110747
North Korea,PRK,1990,38.453064
North Korea,PRK,1995,38.35749
North Korea,PRK,2000,38.162056
North Korea,PRK,2005,39.094715
North Korea,PRK,2010,39.342655
North Korea,PRK,2011,38.893368
North Korea,PRK,2012,36.407513
North Korea,PRK,2013,37.134857
North Korea,PRK,2014,35.240215
North Korea,PRK,2015,37.411785
North Korea,PRK,2016,31.758425
North Korea,PRK,2017,32.00745
North Macedonia,MKD,1990,41.870476
North Macedonia,MKD,1995,39.93756
North Macedonia,MKD,2000,36.398216
North Macedonia,MKD,2005,35.633045
North Macedonia,MKD,2010,34.45697
North Macedonia,MKD,2011,38.08312
North Macedonia,MKD,2012,34.657814
North Macedonia,MKD,2013,32.01505
North Macedonia,MKD,2014,31.79054
North Macedonia,MKD,2015,31.975988
North Macedonia,MKD,2016,29.59327
North Macedonia,MKD,2017,29.726944
Northern Mariana Islands,MNP,1990,11.414901
Northern Mariana Islands,MNP,1995,11.409986
Northern Mariana Islands,MNP,2000,12.181242
Northern Mariana Islands,MNP,2005,11.868772
Northern Mariana Islands,MNP,2010,11.926381
Northern Mariana Islands,MNP,2011,12.199627
Northern Mariana Islands,MNP,2012,11.439996
Northern Mariana Islands,MNP,2013,10.96502
Northern Mariana Islands,MNP,2014,10.313472
Northern Mariana Islands,MNP,2015,10.397712
Northern Mariana Islands,MNP,2016,9.917756
Northern Mariana Islands,MNP,2017,9.892982
Norway,NOR,1990,8.99538
Norway,NOR,1995,8.793262
Norway,NOR,2000,8.668866
Norway,NOR,2005,8.35949
Norway,NOR,2010,8.341507
Norway,NOR,2011,8.853511
Norway,NOR,2012,7.925281
Norway,NOR,2013,7.6336746
Norway,NOR,2014,7.670896
Norway,NOR,2015,7.2427754
Norway,NOR,2016,6.9594574
Norway,NOR,2017,6.9565196
Oman,OMN,1990,40.187645
Oman,OMN,1995,39.60269
Oman,OMN,2000,39.85529
Oman,OMN,2005,39.655273
Oman,OMN,2010,37.515335
Oman,OMN,2011,39.103794
Oman,OMN,2012,40.733284
Oman,OMN,2013,41.05277
Oman,OMN,2014,37.71088
Oman,OMN,2015,42.62759
Oman,OMN,2016,41.782192
Oman,OMN,2017,41.11524
Pakistan,PAK,1990,60.33466
Pakistan,PAK,1995,61.432865
Pakistan,PAK,2000,61.106026
Pakistan,PAK,2005,63.378437
Pakistan,PAK,2010,68.00519
Pakistan,PAK,2011,68.54494
Pakistan,PAK,2012,62.376648
Pakistan,PAK,2013,61.022163
Pakistan,PAK,2014,59.518364
Pakistan,PAK,2015,60.08589
Pakistan,PAK,2016,58.632763
Pakistan,PAK,2017,58.282417
Palestine,PSE,1990,34.22575
Palestine,PSE,1995,34.162003
Palestine,PSE,2000,33.853752
Palestine,PSE,2005,31.974495
Palestine,PSE,2010,33.006676
Palestine,PSE,2011,32.873314
Palestine,PSE,2012,32.76946
Palestine,PSE,2013,33.49296
Palestine,PSE,2014,33.448284
Palestine,PSE,2015,33.89141
Palestine,PSE,2016,32.74207
Palestine,PSE,2017,33.22563
Panama,PAN,1990,13.127545
Panama,PAN,1995,13.20617
Panama,PAN,2000,14.383015
Panama,PAN,2005,14.115315
Panama,PAN,2010,14.138919
Panama,PAN,2011,14.296039
Panama,PAN,2012,13.972366
Panama,PAN,2013,13.39787
Panama,PAN,2014,12.921616
Panama,PAN,2015,12.490744
Panama,PAN,2016,11.465548
Panama,PAN,2017,11.400054
Papua New Guinea,PNG,1990,15.1263
Papua New Guinea,PNG,1995,14.637449
Papua New Guinea,PNG,2000,14.751563
Papua New Guinea,PNG,2005,14.52424
Papua New Guinea,PNG,2010,14.941359
Papua New Guinea,PNG,2011,15.519033
Papua New Guinea,PNG,2012,14.606533
Papua New Guinea,PNG,2013,13.952628
Papua New Guinea,PNG,2014,13.245298
Papua New Guinea,PNG,2015,13.261726
Papua New Guinea,PNG,2016,12.615056
Papua New Guinea,PNG,2017,12.294418
Paraguay,PRY,1990,14.023617
Paraguay,PRY,1995,14.288268
Paraguay,PRY,2000,14.213086
Paraguay,PRY,2005,15.13047
Paraguay,PRY,2010,15.102923
Paraguay,PRY,2011,14.598119
Paraguay,PRY,2012,13.948306
Paraguay,PRY,2013,12.926569
Paraguay,PRY,2014,12.641075
Paraguay,PRY,2015,13.0380745
Paraguay,PRY,2016,11.6493225
Paraguay,PRY,2017,11.9090805
Peru,PER,1990,28.520939
Peru,PER,1995,29.505297
Peru,PER,2000,30.273663
Peru,PER,2005,32.29923
Peru,PER,2010,31.502575
Peru,PER,2011,31.571165
Peru,PER,2012,30.494455
Peru,PER,2013,29.743086
Peru,PER,2014,27.582672
Peru,PER,2015,26.037268
Peru,PER,2016,25.542746
Peru,PER,2017,24.786728
Philippines,PHL,1990,22.116035
Philippines,PHL,1995,21.970219
Philippines,PHL,2000,22.203897
Philippines,PHL,2005,22.818571
Philippines,PHL,2010,23.592316
Philippines,PHL,2011,22.754835
Philippines,PHL,2012,22.549583
Philippines,PHL,2013,21.216288
Philippines,PHL,2014,20.259586
Philippines,PHL,2015,19.581543
Philippines,PHL,2016,18.226929
Philippines,PHL,2017,18.0698
Poland,POL,1990,30.199429
Poland,POL,1995,27.891829
Poland,POL,2000,25.822186
Poland,POL,2005,26.151218
Poland,POL,2010,27.1765
Poland,POL,2011,26.372507
Poland,POL,2012,24.263977
Poland,POL,2013,22.928724
Poland,POL,2014,22.210892
Poland,POL,2015,22.691319
Poland,POL,2016,20.975767
Poland,POL,2017,20.877823
Portugal,PRT,1990,10.140531
Portugal,PRT,1995,10.084594
Portugal,PRT,2000,10.1236925
Portugal,PRT,2005,10.449708
Portugal,PRT,2010,10.076887
Portugal,PRT,2011,10.355013
Portugal,PRT,2012,9.484803
Portugal,PRT,2013,9.432044
Portugal,PRT,2014,8.784793
Portugal,PRT,2015,8.823283
Portugal,PRT,2016,8.052764
Portugal,PRT,2017,8.160752
Puerto Rico,PRI,1990,8.238192
Puerto Rico,PRI,1995,8.233421
Puerto Rico,PRI,2000,10.436003
Puerto Rico,PRI,2005,10.399926
Puerto Rico,PRI,2010,10.372548
Puerto Rico,PRI,2011,10.579406
Puerto Rico,PRI,2012,9.966245
Puerto Rico,PRI,2013,9.703754
Puerto Rico,PRI,2014,9.089228
Puerto Rico,PRI,2015,8.92091
Puerto Rico,PRI,2016,8.342872
Puerto Rico,PRI,2017,8.349033
Qatar,QAT,1990,91.63639
Qatar,QAT,1995,89.9935
Qatar,QAT,2000,83.53533
Qatar,QAT,2005,85.32647
Qatar,QAT,2010,84.1229
Qatar,QAT,2011,81.273
Qatar,QAT,2012,89.24697
Qatar,QAT,2013,88.89052
Qatar,QAT,2014,78.83284
Qatar,QAT,2015,94.40389
Qatar,QAT,2016,88.22245
Qatar,QAT,2017,91.187325
Romania,ROU,1990,20.319263
Romania,ROU,1995,18.572414
Romania,ROU,2000,17.696741
Romania,ROU,2005,17.157776
Romania,ROU,2010,17.062147
Romania,ROU,2011,17.636755
Romania,ROU,2012,16.315845
Romania,ROU,2013,15.369309
Romania,ROU,2014,15.006495
Romania,ROU,2015,15.433556
Romania,ROU,2016,14.537063
Romania,ROU,2017,14.6113405
Russia,RUS,1990,21.223347
Russia,RUS,1995,19.873333
Russia,RUS,2000,19.054037
Russia,RUS,2005,18.995216
Russia,RUS,2010,19.48031
Russia,RUS,2011,19.191511
Russia,RUS,2012,18.304338
Russia,RUS,2013,17.79507
Russia,RUS,2014,16.582163
Russia,RUS,2015,17.019192
Russia,RUS,2016,16.21989
Russia,RUS,2017,16.160223
Rwanda,RWA,1990,45.52701
Rwanda,RWA,1995,44.054916
Rwanda,RWA,2000,43.48169
Rwanda,RWA,2005,42.691185
Rwanda,RWA,2010,41.44091
Rwanda,RWA,2011,42.680958
Rwanda,RWA,2012,44.560898
Rwanda,RWA,2013,44.411587
Rwanda,RWA,2014,42.211487
Rwanda,RWA,2015,42.61449
Rwanda,RWA,2016,42.843803
Rwanda,RWA,2017,43.210217
Saint Lucia,LCA,1990,26.711985
Saint Lucia,LCA,1995,26.849882
Saint Lucia,LCA,2000,27.096132
Saint Lucia,LCA,2005,26.98485
Saint Lucia,LCA,2010,27.635973
Saint Lucia,LCA,2011,28.078655
Saint Lucia,LCA,2012,26.367485
Saint Lucia,LCA,2013,25.444801
Saint Lucia,LCA,2014,24.236303
Saint Lucia,LCA,2015,24.28324
Saint Lucia,LCA,2016,22.3534
Saint Lucia,LCA,2017,22.400818
Saint Vincent and the Grenadines,VCT,1990,27.16454
Saint Vincent and the Grenadines,VCT,1995,27.162659
Saint Vincent and the Grenadines,VCT,2000,26.957932
Saint Vincent and the Grenadines,VCT,2005,27.064135
Saint Vincent and the Grenadines,VCT,2010,26.396658
Saint Vincent and the Grenadines,VCT,2011,27.58281
Saint Vincent and the Grenadines,VCT,2012,25.754078
Saint Vincent and the Grenadines,VCT,2013,24.76218
Saint Vincent and the Grenadines,VCT,2014,23.030931
Saint Vincent and the Grenadines,VCT,2015,23.473171
Saint Vincent and the Grenadines,VCT,2016,22.076551
Saint Vincent and the Grenadines,VCT,2017,22.200516
Samoa,WSM,1990,14.31125
Samoa,WSM,1995,14.2969885
Samoa,WSM,2000,14.320471
Samoa,WSM,2005,14.205458
Samoa,WSM,2010,14.288094
Samoa,WSM,2011,14.693096
Samoa,WSM,2012,13.627882
Samoa,WSM,2013,13.382522
Samoa,WSM,2014,12.64356
Samoa,WSM,2015,12.321795
Samoa,WSM,2016,11.366299
Samoa,WSM,2017,11.548027
Sao Tome and Principe,STP,1990,30.449045
Sao Tome and Principe,STP,1995,30.314516
Sao Tome and Principe,STP,2000,30.311901
Sao Tome and Principe,STP,2005,29.334394
Sao Tome and Principe,STP,2010,27.126621
Sao Tome and Principe,STP,2011,27.860245
Sao Tome and Principe,STP,2012,25.915844
Sao Tome and Principe,STP,2013,27.658817
Sao Tome and Principe,STP,2014,27.862303
Sao Tome and Principe,STP,2015,28.432093
Sao Tome and Principe,STP,2016,28.666538
Sao Tome and Principe,STP,2017,28.539585
Saudi Arabia,SAU,1990,70.57307
Saudi Arabia,SAU,1995,72.58494
Saudi Arabia,SAU,2000,79.07552
Saudi Arabia,SAU,2005,76.42245
Saudi Arabia,SAU,2010,81.69918
Saudi Arabia,SAU,2011,82.41903
Saudi Arabia,SAU,2012,85.513306
Saudi Arabia,SAU,2013,83.63099
Saudi Arabia,SAU,2014,75.608444
Saudi Arabia,SAU,2015,97.43229
Saudi Arabia,SAU,2016,84.465775
Saudi Arabia,SAU,2017,87.94545
Senegal,SEN,1990,41.016502
Senegal,SEN,1995,41.708076
Senegal,SEN,2000,41.353046
Senegal,SEN,2005,35.54506
Senegal,SEN,2010,34.985382
Senegal,SEN,2011,35.9354
Senegal,SEN,2012,36.167755
Senegal,SEN,2013,34.018227
Senegal,SEN,2014,36.82684
Senegal,SEN,2015,44.3408
Senegal,SEN,2016,38.694946
Senegal,SEN,2017,40.695827
Serbia,SRB,1990,31.415165
Serbia,SRB,1995,29.792953
Serbia,SRB,2000,29.22397
Serbia,SRB,2005,29.685417
Serbia,SRB,2010,29.10059
Serbia,SRB,2011,31.034027
Serbia,SRB,2012,28.58475
Serbia,SRB,2013,27.430786
Serbia,SRB,2014,26.492073
Serbia,SRB,2015,26.954378
Serbia,SRB,2016,24.780622
Serbia,SRB,2017,24.726358
Seychelles,SYC,1990,21.79736
Seychelles,SYC,1995,21.768375
Seychelles,SYC,2000,21.64752
Seychelles,SYC,2005,21.77301
Seychelles,SYC,2010,21.091269
Seychelles,SYC,2011,21.610357
Seychelles,SYC,2012,21.495335
Seychelles,SYC,2013,20.969736
Seychelles,SYC,2014,20.970518
Seychelles,SYC,2015,20.053595
Seychelles,SYC,2016,20.403824
Seychelles,SYC,2017,20.17865
Sierra Leone,SLE,1990,20.732647
Sierra Leone,SLE,1995,20.139383
Sierra Leone,SLE,2000,20.50687
Sierra Leone,SLE,2005,19.31251
Sierra Leone,SLE,2010,18.528889
Sierra Leone,SLE,2011,18.743156
Sierra Leone,SLE,2012,20.101294
Sierra Leone,SLE,2013,18.435667
Sierra Leone,SLE,2014,17.698233
Sierra Leone,SLE,2015,22.528599
Sierra Leone,SLE,2016,21.343933
Sierra Leone,SLE,2017,21.625946
Singapore,SGP,1990,18.724243
Singapore,SGP,1995,18.755014
Singapore,SGP,2000,19.323185
Singapore,SGP,2005,20.801313
Singapore,SGP,2010,20.60946
Singapore,SGP,2011,19.34942
Singapore,SGP,2012,20.886494
Singapore,SGP,2013,18.707071
Singapore,SGP,2014,17.408876
Singapore,SGP,2015,20.66339
Singapore,SGP,2016,18.797802
Singapore,SGP,2017,19.078257
Slovakia,SVK,1990,24.953436
Slovakia,SVK,1995,22.810608
Slovakia,SVK,2000,21.723999
Slovakia,SVK,2005,21.94342
Slovakia,SVK,2010,21.69022
Slovakia,SVK,2011,21.767199
Slovakia,SVK,2012,19.764933
Slovakia,SVK,2013,19.315493
Slovakia,SVK,2014,18.304182
Slovakia,SVK,2015,18.802647
Slovakia,SVK,2016,17.353662
Slovakia,SVK,2017,17.562912
Slovenia,SVN,1990,22.271149
Slovenia,SVN,1995,20.881414
Slovenia,SVN,2000,19.134047
Slovenia,SVN,2005,19.422842
Slovenia,SVN,2010,18.681656
Slovenia,SVN,2011,19.514137
Slovenia,SVN,2012,17.670078
Slovenia,SVN,2013,17.571379
Slovenia,SVN,2014,16.6327
Slovenia,SVN,2015,17.128153
Slovenia,SVN,2016,15.912737
Slovenia,SVN,2017,16.02398
Solomon Islands,SLB,1990,13.761736
Solomon Islands,SLB,1995,13.098754
Solomon Islands,SLB,2000,13.866955
Solomon Islands,SLB,2005,14.178723
Solomon Islands,SLB,2010,14.374255
Solomon Islands,SLB,2011,14.375373
Solomon Islands,SLB,2012,13.430245
Solomon Islands,SLB,2013,12.553255
Solomon Islands,SLB,2014,12.17203
Solomon Islands,SLB,2015,12.699696
Solomon Islands,SLB,2016,11.830689
Solomon Islands,SLB,2017,11.879122
Somalia,SOM,1990,31.735985
Somalia,SOM,1995,29.901112
Somalia,SOM,2000,31.38599
Somalia,SOM,2005,29.721804
Somalia,SOM,2010,29.000185
Somalia,SOM,2011,31.230156
Somalia,SOM,2012,31.587105
Somalia,SOM,2013,29.551573
Somalia,SOM,2014,30.401081
Somalia,SOM,2015,32.01839
Somalia,SOM,2016,31.751745
Somalia,SOM,2017,32.034584
South Africa,ZAF,1990,26.120203
South Africa,ZAF,1995,26.285374
South Africa,ZAF,2000,26.6738
South Africa,ZAF,2005,26.322878
South Africa,ZAF,2010,27.138586
South Africa,ZAF,2011,26.557873
South Africa,ZAF,2012,26.577087
South Africa,ZAF,2013,26.729261
South Africa,ZAF,2014,26.722212
South Africa,ZAF,2015,26.112972
South Africa,ZAF,2016,25.140415
South Africa,ZAF,2017,25.102205
South Asia (WB),,1990,76.46732
South Asia (WB),,1995,77.72557
South Asia (WB),,2000,78.766106
South Asia (WB),,2005,84.167465
South Asia (WB),,2010,89.00719
South Asia (WB),,2011,90.402504
South Asia (WB),,2012,82.58354
South Asia (WB),,2013,84.53902
South Asia (WB),,2014,82.93889
South Asia (WB),,2015,82.62377
South Asia (WB),,2016,81.90758
South Asia (WB),,2017,82.81271
South Korea,KOR,1990,29.331022
South Korea,KOR,1995,29.520632
South Korea,KOR,2000,29.765469
South Korea,KOR,2005,30.406904
South Korea,KOR,2010,29.80201
South Korea,KOR,2011,29.681194
South Korea,KOR,2012,27.915953
South Korea,KOR,2013,29.461918
South Korea,KOR,2014,27.21311
South Korea,KOR,2015,28.214243
South Korea,KOR,2016,25.098541
South Korea,KOR,2017,25.039425
South Sudan,SSD,1990,46.23936
South Sudan,SSD,1995,45.378582
South Sudan,SSD,2000,44.10159
South Sudan,SSD,2005,44.391705
South Sudan,SSD,2010,43.22534
South Sudan,SSD,2011,45.10147
South Sudan,SSD,2012,43.97406
South Sudan,SSD,2013,42.642002
South Sudan,SSD,2014,41.90056
South Sudan,SSD,2015,47.768032
South Sudan,SSD,2016,44.846573
South Sudan,SSD,2017,45.577507
Spain,ESP,1990,12.211323
Spain,ESP,1995,11.945395
Spain,ESP,2000,11.774209
Spain,ESP,2005,11.569025
Spain,ESP,2010,11.349329
Spain,ESP,2011,12.037998
Spain,ESP,2012,11.149623
Spain,ESP,2013,10.742582
Spain,ESP,2014,10.074589
Spain,ESP,2015,10.449102
Spain,ESP,2016,9.704139
Spain,ESP,2017,9.697927
Sri Lanka,LKA,1990,29.768503
Sri Lanka,LKA,1995,30.186073
Sri Lanka,LKA,2000,30.855762
Sri Lanka,LKA,2005,30.956736
Sri Lanka,LKA,2010,31.033781
Sri Lanka,LKA,2011,31.232075
Sri Lanka,LKA,2012,30.083973
Sri Lanka,LKA,2013,28.898228
Sri Lanka,LKA,2014,26.922777
Sri Lanka,LKA,2015,25.337343
Sri Lanka,LKA,2016,14.025445
Sri Lanka,LKA,2017,11.099617
Sub-Saharan Africa (WB),,1990,43.884285
Sub-Saharan Africa (WB),,1995,43.015343
Sub-Saharan Africa (WB),,2000,42.728935
Sub-Saharan Africa (WB),,2005,39.787025
Sub-Saharan Africa (WB),,2010,38.19542
Sub-Saharan Africa (WB),,2011,38.342033
Sub-Saharan Africa (WB),,2012,39.815052
Sub-Saharan Africa (WB),,2013,37.90629
Sub-Saharan Africa (WB),,2014,37.21437
Sub-Saharan Africa (WB),,2015,45.647575
Sub-Saharan Africa (WB),,2016,44.344303
Sub-Saharan Africa (WB),,2017,44.591373
Sudan,SDN,1990,51.143627
Sudan,SDN,1995,52.388157
Sudan,SDN,2000,49.428078
Sudan,SDN,2005,50.17543
Sudan,SDN,2010,47.262054
Sudan,SDN,2011,51.152428
Sudan,SDN,2012,49.68594
Sudan,SDN,2013,48.028145
Sudan,SDN,2014,48.141743
Sudan,SDN,2015,58.904785
Sudan,SDN,2016,54.147278
Sudan,SDN,2017,55.370834
Suriname,SUR,1990,29.9931
Suriname,SUR,1995,30.041124
Suriname,SUR,2000,29.025892
Suriname,SUR,2005,29.975704
Suriname,SUR,2010,29.831888
Suriname,SUR,2011,31.038721
Suriname,SUR,2012,29.13361
Suriname,SUR,2013,28.808317
Suriname,SUR,2014,25.998848
Suriname,SUR,2015,25.973284
Suriname,SUR,2016,25.316978
Suriname,SUR,2017,24.78001
Sweden,SWE,1990,7.947532
Sweden,SWE,1995,7.5753284
Sweden,SWE,2000,7.578009
Sweden,SWE,2005,7.16582
Sweden,SWE,2010,7.209759
Sweden,SWE,2011,7.3912215
Sweden,SWE,2012,6.627942
Sweden,SWE,2013,6.431169
Sweden,SWE,2014,6.9591975
Sweden,SWE,2015,6.3224983
Sweden,SWE,2016,6.1142583
Sweden,SWE,2017,6.184665
Switzerland,CHE,1990,14.228373
Switzerland,CHE,1995,13.370561
Switzerland,CHE,2000,12.690764
Switzerland,CHE,2005,12.861816
Switzerland,CHE,2010,12.922219
Switzerland,CHE,2011,13.049221
Switzerland,CHE,2012,12.261388
Switzerland,CHE,2013,11.820055
Switzerland,CHE,2014,11.389107
Switzerland,CHE,2015,11.165255
Switzerland,CHE,2016,10.34263
Switzerland,CHE,2017,10.3031
Syria,SYR,1990,46.717945
Syria,SYR,1995,44.623466
Syria,SYR,2000,41.556305
Syria,SYR,2005,39.94175
Syria,SYR,2010,42.657684
Syria,SYR,2011,41.124954
Syria,SYR,2012,41.016838
Syria,SYR,2013,41.914967
Syria,SYR,2014,41.53448
Syria,SYR,2015,44.313908
Syria,SYR,2016,43.702553
Syria,SYR,2017,43.75726
Tajikistan,TJK,1990,50.9879
Tajikistan,TJK,1995,51.60683
Tajikistan,TJK,2000,51.182663
Tajikistan,TJK,2005,49.33935
Tajikistan,TJK,2010,50.40542
Tajikistan,TJK,2011,54.31996
Tajikistan,TJK,2012,48.989605
Tajikistan,TJK,2013,49.55314
Tajikistan,TJK,2014,46.480827
Tajikistan,TJK,2015,47.792973
Tajikistan,TJK,2016,43.37771
Tajikistan,TJK,2017,46.152184
Tanzania,TZA,1990,29.861647
Tanzania,TZA,1995,28.808424
Tanzania,TZA,2000,28.973698
Tanzania,TZA,2005,29.573835
Tanzania,TZA,2010,28.607533
Tanzania,TZA,2011,28.72877
Tanzania,TZA,2012,29.969845
Tanzania,TZA,2013,29.359632
Tanzania,TZA,2014,28.873716
Tanzania,TZA,2015,28.240448
Tanzania,TZA,2016,28.44357
Tanzania,TZA,2017,29.076641
Thailand,THA,1990,30.831621
Thailand,THA,1995,30.939716
Thailand,THA,2000,30.960352
Thailand,THA,2005,31.807034
Thailand,THA,2010,31.5654
Thailand,THA,2011,31.609629
Thailand,THA,2012,31.525314
Thailand,THA,2013,31.174725
Thailand,THA,2014,29.364641
Thailand,THA,2015,27.344566
Thailand,THA,2016,26.258055
Thailand,THA,2017,26.256727
Togo,TGO,1990,38.11479
Togo,TGO,1995,37.70165
Togo,TGO,2000,37.685856
Togo,TGO,2005,31.391546
Togo,TGO,2010,30.522945
Togo,TGO,2011,30.854807
Togo,TGO,2012,31.36921
Togo,TGO,2013,29.565928
Togo,TGO,2014,28.93629
Togo,TGO,2015,38.35682
Togo,TGO,2016,37.051105
Togo,TGO,2017,35.731335
Tonga,TON,1990,13.167823
Tonga,TON,1995,13.306251
Tonga,TON,2000,12.798572
Tonga,TON,2005,13.179139
Tonga,TON,2010,13.531948
Tonga,TON,2011,13.517088
Tonga,TON,2012,12.438171
Tonga,TON,2013,12.147714
Tonga,TON,2014,12.05764
Tonga,TON,2015,11.312968
Tonga,TON,2016,10.951424
Tonga,TON,2017,10.785479
Trinidad and Tobago,TTO,1990,28.87599
Trinidad and Tobago,TTO,1995,29.460783
Trinidad and Tobago,TTO,2000,28.794062
Trinidad and Tobago,TTO,2005,29.525936
Trinidad and Tobago,TTO,2010,28.704185
Trinidad and Tobago,TTO,2011,29.851625
Trinidad and Tobago,TTO,2012,27.942505
Trinidad and Tobago,TTO,2013,27.15874
Trinidad and Tobago,TTO,2014,24.855843
Trinidad and Tobago,TTO,2015,24.898077
Trinidad and Tobago,TTO,2016,24.23048
Trinidad and Tobago,TTO,2017,24.108568
Tunisia,TUN,1990,35.949635
Tunisia,TUN,1995,35.94088
Tunisia,TUN,2000,35.602528
Tunisia,TUN,2005,33.55745
Tunisia,TUN,2010,35.54549
Tunisia,TUN,2011,33.86835
Tunisia,TUN,2012,32.815807
Tunisia,TUN,2013,35.654144
Tunisia,TUN,2014,34.69206
Tunisia,TUN,2015,36.30425
Tunisia,TUN,2016,38.45049
Tunisia,TUN,2017,37.655994
Turkey,TUR,1990,42.598824
Turkey,TUR,1995,41.97206
Turkey,TUR,2000,42.692524
Turkey,TUR,2005,41.202015
Turkey,TUR,2010,43.821228
Turkey,TUR,2011,40.54511
Turkey,TUR,2012,41.920918
Turkey,TUR,2013,42.062584
Turkey,TUR,2014,42.59577
Turkey,TUR,2015,45.401554
Turkey,TUR,2016,44.482758
Turkey,TUR,2017,44.311527
Turkmenistan,TKM,1990,25.301344
Turkmenistan,TKM,1995,25.37097
Turkmenistan,TKM,2000,25.471556
Turkmenistan,TKM,2005,23.854057
Turkmenistan,TKM,2010,24.85183
Turkmenistan,TKM,2011,25.4961
Turkmenistan,TKM,2012,23.80201
Turkmenistan,TKM,2013,23.72189
Turkmenistan,TKM,2014,22.084908
Turkmenistan,TKM,2015,22.97054
Turkmenistan,TKM,2016,21.741123
Turkmenistan,TKM,2017,21.767721
Uganda,UGA,1990,47.87484
Uganda,UGA,1995,48.343437
Uganda,UGA,2000,46.028908
Uganda,UGA,2005,45.946167
Uganda,UGA,2010,44.758698
Uganda,UGA,2011,47.06117
Uganda,UGA,2012,49.626728
Uganda,UGA,2013,47.721157
Uganda,UGA,2014,46.93057
Uganda,UGA,2015,48.94936
Uganda,UGA,2016,51.944107
Uganda,UGA,2017,50.49432
Ukraine,UKR,1990,28.309547
Ukraine,UKR,1995,25.886732
Ukraine,UKR,2000,24.157913
Ukraine,UKR,2005,23.922205
Ukraine,UKR,2010,23.522657
Ukraine,UKR,2011,23.971104
Ukraine,UKR,2012,22.328793
Ukraine,UKR,2013,21.5324
Ukraine,UKR,2014,20.486895
Ukraine,UKR,2015,21.246454
Ukraine,UKR,2016,20.618187
Ukraine,UKR,2017,20.309776
United Arab Emirates,ARE,1990,39.824627
United Arab Emirates,ARE,1995,39.778427
United Arab Emirates,ARE,2000,39.6988
United Arab Emirates,ARE,2005,38.989063
United Arab Emirates,ARE,2010,38.98007
United Arab Emirates,ARE,2011,39.19343
United Arab Emirates,ARE,2012,39.277126
United Arab Emirates,ARE,2013,39.608154
United Arab Emirates,ARE,2014,37.98342
United Arab Emirates,ARE,2015,42.33499
United Arab Emirates,ARE,2016,40.522102
United Arab Emirates,ARE,2017,40.91751
United Kingdom,GBR,1990,13.508186
United Kingdom,GBR,1995,13.005445
United Kingdom,GBR,2000,12.618229
United Kingdom,GBR,2005,12.537897
United Kingdom,GBR,2010,12.2991085
United Kingdom,GBR,2011,12.847999
United Kingdom,GBR,2012,11.814495
United Kingdom,GBR,2013,11.618901
United Kingdom,GBR,2014,10.80056
United Kingdom,GBR,2015,10.754873
United Kingdom,GBR,2016,10.504667
United Kingdom,GBR,2017,10.472691
United States,USA,1990,9.701667
United States,USA,1995,9.566392
United States,USA,2000,9.525138
United States,USA,2005,9.609824
United States,USA,2010,9.358637
United States,USA,2011,9.740641
United States,USA,2012,9.003163
United States,USA,2013,8.734777
United States,USA,2014,8.22072
United States,USA,2015,8.06392
United States,USA,2016,7.406464
United States,USA,2017,7.4094415
United States Virgin Islands,VIR,1990,10.2992525
United States Virgin Islands,VIR,1995,10.295467
United States Virgin Islands,VIR,2000,12.850756
United States Virgin Islands,VIR,2005,12.76008
United States Virgin Islands,VIR,2010,12.7521
United States Virgin Islands,VIR,2011,12.993738
United States Virgin Islands,VIR,2012,12.233123
United States Virgin Islands,VIR,2013,11.955513
United States Virgin Islands,VIR,2014,11.165816
United States Virgin Islands,VIR,2015,11.028896
United States Virgin Islands,VIR,2016,10.264843
United States Virgin Islands,VIR,2017,10.265312
Upper-middle-income countries,,1990,43.955338
Upper-middle-income countries,,1995,44.391373
Upper-middle-income countries,,2000,45.710415
Upper-middle-income countries,,2005,48.847347
Upper-middle-income countries,,2010,50.798805
Upper-middle-income countries,,2011,51.310627
Upper-middle-income countries,,2012,47.16171
Upper-middle-income countries,,2013,47.859844
Upper-middle-income countries,,2014,43.993855
Upper-middle-income countries,,2015,43.680847
Upper-middle-income countries,,2016,39.29851
Upper-middle-income countries,,2017,39.51417
Uruguay,URY,1990,10.8707
Uruguay,URY,1995,10.743856
Uruguay,URY,2000,11.367083
Uruguay,URY,2005,10.918425
Uruguay,URY,2010,11.027056
Uruguay,URY,2011,11.468732
Uruguay,URY,2012,10.567294
Uruguay,URY,2013,10.4556055
Uruguay,URY,2014,9.926816
Uruguay,URY,2015,9.659454
Uruguay,URY,2016,9.197441
Uruguay,URY,2017,9.274883
Uzbekistan,UZB,1990,35.902576
Uzbekistan,UZB,1995,34.787586
Uzbekistan,UZB,2000,31.936346
Uzbekistan,UZB,2005,31.530294
Uzbekistan,UZB,2010,32.077454
Uzbekistan,UZB,2011,33.993835
Uzbekistan,UZB,2012,31.662106
Uzbekistan,UZB,2013,30.805193
Uzbekistan,UZB,2014,28.900036
Uzbekistan,UZB,2015,30.394331
Uzbekistan,UZB,2016,27.814346
Uzbekistan,UZB,2017,28.455902
Vanuatu,VUT,1990,13.67055
Vanuatu,VUT,1995,13.521474
Vanuatu,VUT,2000,14.066546
Vanuatu,VUT,2005,14.18977
Vanuatu,VUT,2010,14.129513
Vanuatu,VUT,2011,14.382964
Vanuatu,VUT,2012,13.242453
Vanuatu,VUT,2013,12.740693
Vanuatu,VUT,2014,11.933851
Vanuatu,VUT,2015,12.15721
Vanuatu,VUT,2016,11.590909
Vanuatu,VUT,2017,11.652777
Venezuela,VEN,1990,21.457159
Venezuela,VEN,1995,21.270964
Venezuela,VEN,2000,21.610283
Venezuela,VEN,2005,22.36926
Venezuela,VEN,2010,21.682869
Venezuela,VEN,2011,22.033108
Venezuela,VEN,2012,21.245728
Venezuela,VEN,2013,20.42895
Venezuela,VEN,2014,19.104061
Venezuela,VEN,2015,18.303005
Venezuela,VEN,2016,16.767994
Venezuela,VEN,2017,17.008554
Vietnam,VNM,1990,35.92848
Vietnam,VNM,1995,36.01681
Vietnam,VNM,2000,36.238846
Vietnam,VNM,2005,37.74959
Vietnam,VNM,2010,39.3654
Vietnam,VNM,2011,38.486977
Vietnam,VNM,2012,37.22745
Vietnam,VNM,2013,36.835907
Vietnam,VNM,2014,34.896015
Vietnam,VNM,2015,32.466442
Vietnam,VNM,2016,30.241312
Vietnam,VNM,2017,29.626728
World,OWID_WRL,1990,44.278473
World,OWID_WRL,1995,44.921524
World,OWID_WRL,2000,45.98841
World,OWID_WRL,2005,48.437477
World,OWID_WRL,2010,50.321304
World,OWID_WRL,2011,50.844368
World,OWID_WRL,2012,47.625217
World,OWID_WRL,2013,48.050602
World,OWID_WRL,2014,46.05517
World,OWID_WRL,2015,47.36461
World,OWID_WRL,2016,45.2958
World,OWID_WRL,2017,45.673336
Yemen,YEM,1990,48.863728
Yemen,YEM,1995,50.027718
Yemen,YEM,2000,50.86793
Yemen,YEM,2005,45.144806
Yemen,YEM,2010,45.97947
Yemen,YEM,2011,50.83529
Yemen,YEM,2012,51.434456
Yemen,YEM,2013,52.998444
Yemen,YEM,2014,48.338654
Yemen,YEM,2015,54.26029
Yemen,YEM,2016,50.127625
Yemen,YEM,2017,50.456005
Zambia,ZMB,1990,32.764847
Zambia,ZMB,1995,30.908466
Zambia,ZMB,2000,30.898205
Zambia,ZMB,2005,28.947056
Zambia,ZMB,2010,28.836378
Zambia,ZMB,2011,28.987116
Zambia,ZMB,2012,29.742039
Zambia,ZMB,2013,29.11222
Zambia,ZMB,2014,28.493252
Zambia,ZMB,2015,28.375452
Zambia,ZMB,2016,27.355673
Zambia,ZMB,2017,27.438034
Zimbabwe,ZWE,1990,23.319908
Zimbabwe,ZWE,1995,22.726269
Zimbabwe,ZWE,2000,23.126373
Zimbabwe,ZWE,2005,23.314741
Zimbabwe,ZWE,2010,23.23148
Zimbabwe,ZWE,2011,23.074213
Zimbabwe,ZWE,2012,23.198097
Zimbabwe,ZWE,2013,23.111088
Zimbabwe,ZWE,2014,22.80595
Zimbabwe,ZWE,2015,21.73371
Zimbabwe,ZWE,2016,21.726948
Zimbabwe,ZWE,2017,22.25167